Date,PREDICT
1616664527,30
1616742406,30
1616742410,30
1616742414,30
1616742418,30
1616742422,30
1616742426,30
1616742430,30
1616742434,30
1616742438,30
1616742442,30
1616742446,30
1616742450,30
1616742454,30
1616742458,30
1616742462,30
1616742466,30
1616742470,30
1616742474,30
1616742478,30
1616742482,30
1616742486,30
1616742490,30
1616742545,21
1616742549,21
1616742553,21
1616742557,21
1616742561,21
1616742565,21
1616742569,21
1616742573,21
1616742577,21
1616742581,21
1616742585,21
1616742589,21
1616742593,21
1616742597,21
1616742601,21
1616742605,21
1616742609,21
1616742613,21
1616742617,21
1616742621,21
1616742625,21
1616742629,21
1616742633,21
1616742637,21
1616742641,21
1616742645,21
1616742649,21
1616742653,21
1616742657,21
1616742661,21
1616742665,21
1616742667,21
1616742669,21
1616742671,21
1616742673,21
1616742675,21
1616742677,21
1616742679,21
1616742681,21
1616742683,21
1616742685,21
1616742688,21
1616742690,21
1616742692,21
1616742694,21
1616742696,21
1616742698,21
1616742700,21
1616742702,21
1616742704,21
1616742706,21
1616742708,21
1616742708,21
1616742708,21
1616742708,21
1616742708,21
1616742708,21
1616742708,21
1616742708,21
1616742708,21
1616742708,21
1616742708,21
1616742708,21
1616742708,21
1616742708,21
1616742708,21
1616742708,21
1616742708,21
1616742708,21
1616742708,21
1616742708,21
1616742708,21
1616742708,21
1616742708,21
1616742708,21
1616742708,21
1616742708,21
1616742708,21
1616742708,21
1616742708,21
1616742708,21
1616742708,21
1616742708,21
1616742708,21
1616742708,21
1616742708,21
1616742708,21
1616742708,21
1616742708,21
1616742708,21
1616742708,21
1616742708,21
1616742708,21
1616742708,21
1616742708,21
1616742708,21
1616742708,21
1616742708,21
1616742708,21
1616742708,21
1616742708,21
1616742708,21
1616742708,21
1616742708,21
1616742708,21
1616742708,21
1616742708,21
1616742708,21
1616742708,21
1616742708,21
1616742708,21
1616742708,21
1616742708,21
1616742708,21
1616742708,21
1616742708,21
1616742708,21
1616742708,21
1616742708,21
1616742708,21
1616742708,21
1616742708,21
1616742708,21
1616742708,21
1616742708,21
1616742708,21
1616742708,21
1616742708,21
1616742708,21
1616742708,21
1616742708,21
1616742708,21
1616742708,21
1616742708,21
1616742708,21
1616742708,21
1616742708,21
1616742708,21
1616742708,21
1616742708,21
1616742708,21
1616742708,21
1616742708,21
1616742708,21
1616742708,21
1616742708,21
1616742708,21
1616742708,21
1616742708,21
1616742708,21
1616742708,21
1616742708,21
1616742708,21
1616742708,21
1616742708,21
1616742708,21
1616742708,21
1616742708,21
1616742708,21
1616742708,21
1616742708,21
1616742708,21
1616742708,21
1616742708,21
1616742708,21
1616742708,21
1616742708,21
1616742708,21
1616742708,21
1616742708,21
1616742708,21
1616742708,21
1616742708,21
1616742708,21
1616742708,21
1616742708,21
1616742708,21
1616742708,21
1616742708,21
1616742708,21
1616742708,21
1616742708,21
1616742708,21
1616742708,21
1616742708,21
1616742708,21
1616742708,21
1616742708,21
1616742708,21
1616742708,21
1616742708,21
1616742708,21
1616742708,21
1616742708,21
1616742708,21
1616742708,21
1616742708,21
1616742708,21
1616742708,21
1616742708,21
1616742708,21
1616742708,21
1616742708,21
1616742708,21
1616742708,21
1616742708,21
1616742708,21
1616742708,21
1616742708,21
1616742708,21
1616742708,21
1616742708,21
1616742708,21
1616742708,21
1616742709,21
1616742709,21
1616742709,21
1616742709,21
1616742709,21
1616742709,21
1616742709,21
1616742709,21
1616742709,21
1616742709,21
1616742709,21
1616742709,21
1616742709,21
1616742709,21
1616742709,21
1616742709,21
1616742709,21
1616742709,21
1616742709,21
1616742709,21
1616742709,21
1616742709,21
1616742709,21
1616742709,21
1616742709,21
1616742709,21
1616742709,21
1616742709,21
1616742709,21
1616742709,21
1616742709,21
1616742709,21
1616742709,21
1616742709,21
1616742709,21
1616742709,21
1616742709,21
1616742709,21
1616742709,21
1616742709,21
1616742709,21
1616742709,21
1616742709,21
1616742709,21
1616742709,21
1616742709,21
1616742709,21
1616742709,21
1616742709,21
1616742709,21
1616742709,21
1616742709,21
1616742709,21
1616742709,21
1616742709,21
1616742709,21
1616742709,21
1616742709,21
1616742709,21
1616742709,21
1616742709,21
1616742709,21
1616742709,21
1616742709,21
1616742709,21
1616742709,21
1616742709,21
1616742709,21
1616742709,21
1616742709,21
1616742709,21
1616742709,21
1616742709,21
1616742709,21
1616742709,21
1616742709,21
1616742709,21
1616742709,21
1616742709,21
1616742709,21
1616742709,21
1616742709,21
1616742709,21
1616742709,21
1616742709,21
1616742709,21
1616742709,21
1616742709,21
1616742709,21
1616742709,21
1616742709,21
1616742709,21
1616742709,21
1616742709,21
1616742709,21
1616742709,21
1616742709,21
1616742709,21
1616742709,21
1616742709,21
1616742709,21
1616742709,21
1616742709,21
1616742709,21
1616742709,21
1616742709,21
1616742709,21
1616742709,21
1616742709,21
1616742709,21
1616742709,21
1616742709,21
1616742709,21
1616742709,21
1616742709,21
1616742709,21
1616742709,21
1616742709,21
1616742709,21
1616742709,21
1616742709,21
1616742709,21
1616742709,21
1616742709,21
1616742709,21
1616742709,21
1616742709,21
1616742709,21
1616742709,21
1616742709,21
1616742709,21
1616742709,21
1616742709,21
1616742709,21
1616742709,21
1616742709,21
1616742709,21
1616742709,21
1616742709,21
1616742709,21
1616742709,21
1616742709,21
1616742709,21
1616742709,21
1616742709,21
1616742709,21
1616742709,21
1616742709,21
1616742709,21
1616742709,21
1616742709,21
1616742709,21
1616742709,21
1616742709,21
1616742709,21
1616742709,21
1616742709,21
1616742709,21
1616742709,21
1616742709,21
1616742709,21
1616742709,21
1616742709,21
1616742709,21
1616742710,21
1616742710,21
1616742710,21
1616742710,21
1616742710,21
1616742710,21
1616742710,21
1616742710,21
1616742710,21
1616742710,21
1616742710,21
1616742710,21
1616742710,21
1616742710,21
1616742710,21
1616742710,21
1616742710,21
1616742710,21
1616742710,21
1616742710,21
1616742710,21
1616742710,21
1616742710,21
1616742710,21
1616742710,21
1616742710,21
1616742710,21
1616742710,21
1616742710,21
1616742710,21
1616742710,21
1616742710,21
1616742710,21
1616742710,21
1616742710,21
1616742710,21
1616742710,21
1616742710,21
1616742710,21
1616742710,21
1616742710,21
1616742710,21
1616742710,21
1616742710,21
1616742710,21
1616742710,21
1616742710,21
1616742710,21
1616742710,21
1616742710,21
1616742710,21
1616742710,21
1616742710,21
1616742710,21
1616742710,21
1616742710,21
1616742710,21
1616742710,21
1616742710,21
1616742710,21
1616742710,21
1616742710,21
1616742710,21
1616742710,21
1616742710,21
1616742710,21
1616742710,21
1616742710,21
1616742710,21
1616742710,21
1616742710,21
1616742710,21
1616742710,21
1616742710,21
1616742710,21
1616742710,21
1616742710,21
1616742710,21
1616742710,21
1616742710,21
1616742710,21
1616742710,21
1616742710,21
1616742710,21
1616742710,21
1616742710,21
1616742710,21
1616742710,21
1616742710,21
1616742710,21
1616742710,21
1616742710,21
1616742710,21
1616742710,21
1616742710,21
1616742710,21
1616742710,21
1616742710,21
1616742710,21
1616742710,21
1616742710,21
1616742710,21
1616742710,21
1616742710,21
1616742710,21
1616742710,21
1616742710,21
1616742710,21
1616742710,21
1616742710,21
1616742710,21
1616742710,21
1616742710,21
1616742710,21
1616742710,21
1616742710,21
1616742710,21
1616742710,21
1616742710,21
1616742710,21
1616742710,21
1616742710,21
1616742710,21
1616742710,21
1616742710,21
1616742710,21
1616742710,21
1616742710,21
1616742710,21
1616742710,21
1616742710,21
1616742710,21
1616742710,21
1616742710,21
1616742710,21
1616742710,21
1616742710,21
1616742710,21
1616742710,21
1616742710,21
1616742710,21
1616742710,21
1616742710,21
1616742710,21
1616742710,21
1616742710,21
1616742710,21
1616742710,21
1616742710,21
1616742710,21
1616742710,21
1616742710,21
1616742710,21
1616742710,21
1616742710,21
1616742710,21
1616742710,21
1616742710,21
1616742710,21
1616742710,21
1616742710,21
1616742710,21
1616742710,21
1616742710,21
1616742710,21
1616742710,21
1616742710,21
1616742710,21
1616742710,21
1616742710,21
1616742710,21
1616742710,21
1616742710,21
1616742710,21
1616742710,21
1616742710,21
1616742710,21
1616742710,21
1616742710,21
1616742710,21
1616742710,21
1616742710,21
1616742710,21
1616742710,21
1616742710,21
1616742710,21
1616742710,21
1616742710,21
1616742710,21
1616742710,21
1616742710,21
1616742710,21
1616742710,21
1616742710,21
1616742710,21
1616742710,21
1616742710,21
1616742710,21
1616742710,21
1616742710,21
1616742710,21
1616742710,21
1616742711,21
1616742711,21
1616742711,21
1616742711,21
1616742711,21
1616742711,21
1616742711,21
1616742711,21
1616742711,21
1616742711,21
1616742711,21
1616742711,21
1616742711,21
1616742711,21
1616742711,21
1616742711,21
1616742711,21
1616742711,21
1616742711,21
1616742711,21
1616742711,21
1616742711,21
1616742711,21
1616742711,21
1616742711,21
1616742711,21
1616742711,21
1616742711,21
1616742711,21
1616742711,21
1616742711,21
1616742711,21
1616742711,21
1616742711,21
1616742711,21
1616742711,21
1616742711,21
1616742711,21
1616742711,21
1616742711,21
1616742711,21
1616742711,21
1616742711,21
1616742711,21
1616742711,21
1616742711,21
1616742711,21
1616742711,21
1616742711,21
1616742711,21
1616742711,21
1616742711,21
1616742711,21
1616742711,21
1616742711,21
1616742711,21
1616742711,21
1616742711,21
1616742711,21
1616742711,21
1616742711,21
1616742711,21
1616742711,21
1616742711,21
1616742711,21
1616742711,21
1616742711,21
1616742711,21
1616742711,21
1616742711,21
1616742711,21
1616742711,21
1616742711,21
1616742711,21
1616742711,21
1616742711,21
1616742711,21
1616742711,21
1616742711,21
1616742711,21
1616742711,21
1616742711,21
1616742711,21
1616742711,21
1616742711,21
1616742711,21
1616742711,21
1616742711,21
1616742711,21
1616742711,21
1616742711,21
1616742711,21
1616742711,21
1616742711,21
1616742711,21
1616742711,21
1616742711,21
1616742711,21
1616742711,21
1616742711,21
1616742711,21
1616742711,21
1616742711,21
1616742711,21
1616742711,21
1616742711,21
1616742711,21
1616742711,21
1616742711,21
1616742711,21
1616742711,21
1616742711,21
1616742711,21
1616742711,21
1616742711,21
1616742711,21
1616742711,21
1616742711,21
1616742711,21
1616742711,21
1616742711,21
1616742711,21
1616742711,21
1616742711,21
1616742711,21
1616742711,21
1616742711,21
1616742711,21
1616742711,21
1616742711,21
1616742711,21
1616742711,21
1616742711,21
1616742711,21
1616742711,21
1616742711,21
1616742711,21
1616742711,21
1616742711,21
1616742711,21
1616742711,21
1616742711,21
1616742711,21
1616742711,21
1616742711,21
1616742711,21
1616742711,21
1616742711,21
1616742711,21
1616742711,21
1616742711,21
1616742711,21
1616742711,21
1616742711,21
1616742711,21
1616742711,21
1616742711,21
1616742711,21
1616742711,21
1616742711,21
1616742711,21
1616742711,21
1616742711,21
1616742711,21
1616742711,21
1616742711,21
1616742711,21
1616742711,21
1616742711,21
1616742711,21
1616742711,21
1616742711,21
1616742711,21
1616742711,21
1616742711,21
1616742711,21
1616742711,21
1616742711,21
1616742711,21
1616742711,21
1616742711,21
1616742711,21
1616742711,21
1616742711,21
1616742711,21
1616742711,21
1616742711,21
1616742711,21
1616742711,21
1616742711,21
1616742711,21
1616742711,21
1616742711,21
1616742711,21
1616742711,21
1616742711,21
1616742711,21
1616742711,21
1616742711,21
1616742711,21
1616742711,21
1616742711,21
1616742711,21
1616742711,21
1616742711,21
1616742711,21
1616742711,21
1616742711,21
1616742711,21
1616742711,21
1616742711,21
1616742711,21
1616742711,21
1616742711,21
1616742711,21
1616742711,21
1616742711,21
1616742711,21
1616742711,21
1616742711,21
1616742711,21
1616742711,21
1616742711,21
1616742711,21
1616742711,21
1616742711,21
1616742711,21
1616742711,21
1616742711,21
1616742711,21
1616742711,21
1616742711,21
1616742711,21
1616742711,21
1616742711,21
1616742711,21
1616742711,21
1616742711,21
1616742711,21
1616742711,21
1616742711,21
1616742711,21
1616742711,21
1616742711,21
1616742711,21
1616742712,21
1616742712,21
1616742712,21
1616742712,21
1616742712,21
1616742712,21
1616742712,21
1616742712,21
1616742712,21
1616742712,21
1616742712,21
1616742712,21
1616742712,21
1616742712,21
1616742712,21
1616742712,21
1616742712,21
1616742712,21
1616742712,21
1616742712,21
1616742712,21
1616742712,21
1616742712,21
1616742712,21
1616742712,21
1616742712,21
1616742712,21
1616742712,21
1616742712,21
1616742712,21
1616742712,21
1616742712,21
1616742712,21
1616742712,21
1616742712,21
1616742712,21
1616742712,21
1616742712,21
1616742712,21
1616742712,21
1616742712,21
1616742712,21
1616742712,21
1616742712,21
1616742712,21
1616742712,21
1616742712,21
1616742712,21
1616742712,21
1616742712,21
1616742712,21
1616742712,21
1616742712,21
1616742712,21
1616742712,21
1616742712,21
1616742712,21
1616742712,21
1616742712,21
1616742712,21
1616742712,21
1616742712,21
1616742712,21
1616742712,21
1616742712,21
1616742712,21
1616742712,21
1616742712,21
1616742712,21
1616742712,21
1616742712,21
1616742712,21
1616742712,21
1616742712,21
1616742712,21
1616742712,21
1616742712,21
1616742712,21
1616742712,21
1616742712,21
1616742712,21
1616742712,21
1616742712,21
1616742712,21
1616742712,21
1616742712,21
1616742712,21
1616742712,21
1616742712,21
1616742712,21
1616742712,21
1616742712,21
1616742712,21
1616742712,21
1616742712,21
1616742712,21
1616742712,21
1616742712,21
1616742712,21
1616742712,21
1616742712,21
1616742712,21
1616742712,21
1616742712,21
1616742712,21
1616742712,21
1616742712,21
1616742712,21
1616742712,21
1616742712,21
1616742712,21
1616742712,21
1616742712,21
1616742712,21
1616742712,21
1616742712,21
1616742712,21
1616742712,21
1616742712,21
1616742712,21
1616742712,21
1616742712,21
1616742712,21
1616742712,21
1616742712,21
1616742712,21
1616742712,21
1616742712,21
1616742712,21
1616742712,21
1616742712,21
1616742712,21
1616742712,21
1616742712,21
1616742712,21
1616742712,21
1616742712,21
1616742712,21
1616742712,21
1616742712,21
1616742712,21
1616742712,21
1616742712,21
1616742712,21
1616742712,21
1616742712,21
1616742712,21
1616742712,21
1616742712,21
1616742712,21
1616742712,21
1616742712,21
1616742712,21
1616742712,21
1616742712,21
1616742712,21
1616742712,21
1616742712,21
1616742712,21
1616742712,21
1616742712,21
1616742712,21
1616742712,21
1616742712,21
1616742712,21
1616742712,21
1616742712,21
1616742712,21
1616742712,21
1616742712,21
1616742712,21
1616742712,21
1616742712,21
1616742712,21
1616742712,21
1616742712,21
1616742712,21
1616742712,21
1616742712,21
1616742712,21
1616742712,21
1616742712,21
1616742712,21
1616742712,21
1616742712,21
1616742712,21
1616742712,21
1616742712,21
1616742712,21
1616742712,21
1616742712,21
1616742713,21
1616742713,21
1616742713,21
1616742713,21
1616742713,21
1616742713,21
1616742713,21
1616742713,21
1616742713,21
1616742713,21
1616742713,21
1616742713,21
1616742713,21
1616742713,21
1616742713,21
1616742713,21
1616742713,21
1616742713,21
1616742713,21
1616742713,21
1616742713,21
1616742713,21
1616742713,21
1616742713,21
1616742713,21
1616742713,21
1616742713,21
1616742713,21
1616742713,21
1616742713,21
1616742713,21
1616742713,21
1616742713,21
1616742713,21
1616742713,21
1616742713,21
1616742713,21
1616742713,21
1616742713,21
1616742713,21
1616742713,21
1616742713,21
1616742713,21
1616742713,21
1616742713,21
1616742713,21
1616742713,21
1616742713,21
1616742713,21
1616742713,21
1616742713,21
1616742713,21
1616742713,21
1616742713,21
1616742713,21
1616742713,21
1616742713,21
1616742713,21
1616742713,21
1616742713,21
1616742713,21
1616742713,21
1616742713,21
1616742713,21
1616742713,21
1616742713,21
1616742713,21
1616742713,21
1616742713,21
1616742713,21
1616742713,21
1616742713,21
1616742713,21
1616742713,21
1616742713,21
1616742713,21
1616742713,21
1616742713,21
1616742713,21
1616742713,21
1616742713,21
1616742713,21
1616742713,21
1616742713,21
1616742713,21
1616742713,21
1616742713,21
1616742713,21
1616742713,21
1616742713,21
1616742713,21
1616742713,21
1616742713,21
1616742713,21
1616742713,21
1616742713,21
1616742713,21
1616742713,21
1616742713,21
1616742713,21
1616742713,21
1616742713,21
1616742713,21
1616742713,21
1616742713,21
1616742713,21
1616742713,21
1616742713,21
1616742713,21
1616742713,21
1616742713,21
1616742713,21
1616742713,21
1616742713,21
1616742713,21
1616742713,21
1616742713,21
1616742713,21
1616742713,21
1616742713,21
1616742713,21
1616742713,21
1616742713,21
1616742713,21
1616742713,21
1616742713,21
1616742713,21
1616742713,21
1616742713,21
1616742713,21
1616742713,21
1616742713,21
1616742713,21
1616742713,21
1616742713,21
1616742713,21
1616742713,21
1616742713,21
1616742713,21
1616742713,21
1616742713,21
1616742713,21
1616742713,21
1616742713,21
1616742713,21
1616742713,21
1616742713,21
1616742713,21
1616742713,21
1616742713,21
1616742713,21
1616742713,21
1616742713,21
1616742713,21
1616742713,21
1616742713,21
1616742713,21
1616742713,21
1616742713,21
1616742713,21
1616742713,21
1616742713,21
1616742713,21
1616742713,21
1616742713,21
1616742713,21
1616742713,21
1616742713,21
1616742713,21
1616742713,21
1616742713,21
1616742713,21
1616742713,21
1616742713,21
1616742713,21
1616742713,21
1616742713,21
1616742713,21
1616742713,21
1616742713,21
1616742714,21
1616742714,21
1616742714,21
1616742714,21
1616742714,21
1616742714,21
1616742714,21
1616742714,21
1616742714,21
1616742714,21
1616742714,21
1616742714,21
1616742714,21
1616742714,21
1616742714,21
1616742714,21
1616742714,21
1616742714,21
1616742714,21
1616742714,21
1616742714,21
1616742714,21
1616742714,21
1616742714,21
1616742714,21
1616742714,21
1616742714,21
1616742714,21
1616742714,21
1616742714,21
1616742714,21
1616742714,21
1616742714,21
1616742714,21
1616742714,21
1616742714,21
1616742714,21
1616742714,21
1616742714,21
1616742714,21
1616742714,21
1616742714,21
1616742714,21
1616742714,21
1616742714,21
1616742714,21
1616742714,21
1616742714,21
1616742714,21
1616742714,21
1616742714,21
1616742714,21
1616742714,21
1616742714,21
1616742714,21
1616742714,21
1616742714,21
1616742714,21
1616742714,21
1616742714,21
1616742714,21
1616742714,21
1616742714,21
1616742714,21
1616742714,21
1616742714,21
1616742714,21
1616742714,21
1616742714,21
1616742714,21
1616742714,21
1616742714,21
1616742714,21
1616742714,21
1616742714,21
1616742714,21
1616742714,21
1616742714,21
1616742714,21
1616742714,21
1616742714,21
1616742714,21
1616742714,21
1616742714,21
1616742714,21
1616742714,21
1616742714,21
1616742714,21
1616742714,21
1616742714,21
1616742714,21
1616742714,21
1616742714,21
1616742714,21
1616742714,21
1616742714,21
1616742714,21
1616742714,21
1616742714,21
1616742714,21
1616742714,21
1616742714,21
1616742714,21
1616742714,21
1616742714,21
1616742714,21
1616742714,21
1616742714,21
1616742714,21
1616742714,21
1616742714,21
1616742714,21
1616742714,21
1616742714,21
1616742714,21
1616742714,21
1616742714,21
1616742714,21
1616742714,21
1616742714,21
1616742714,21
1616742714,21
1616742714,21
1616742714,21
1616742714,21
1616742714,21
1616742714,21
1616742714,21
1616742714,21
1616742714,21
1616742714,21
1616742714,21
1616742714,21
1616742714,21
1616742714,21
1616742714,21
1616742714,21
1616742714,21
1616742714,21
1616742714,21
1616742714,21
1616742714,21
1616742714,21
1616742714,21
1616742714,21
1616742714,21
1616742714,21
1616742714,21
1616742714,21
1616742714,21
1616742714,21
1616742714,21
1616742714,21
1616742714,21
1616742714,21
1616742714,21
1616742714,21
1616742714,21
1616742714,21
1616742714,21
1616742714,21
1616742714,21
1616742714,21
1616742714,21
1616742714,21
1616742714,21
1616742714,21
1616742714,21
1616742714,21
1616742714,21
1616742714,21
1616742714,21
1616742714,21
1616742714,21
1616742714,21
1616742714,21
1616742714,21
1616742714,21
1616742714,21
1616742714,21
1616742714,21
1616742714,21
1616742714,21
1616742714,21
1616742714,21
1616742714,21
1616742714,21
1616742714,21
1616742714,21
1616742714,21
1616742714,21
1616742714,21
1616742714,21
1616742714,21
1616742714,21
1616742714,21
1616742714,21
1616742714,21
1616742714,21
1616742714,21
1616742714,21
1616742714,21
1616742714,21
1616742714,21
1616742714,21
1616742714,21
1616742714,21
1616742714,21
1616742714,21
1616742714,21
1616742714,21
1616742714,21
1616742714,21
1616742714,21
1616742714,21
1616742714,21
1616742714,21
1616742714,21
1616742714,21
1616742714,21
1616742714,21
1616742714,21
1616742714,21
1616742714,21
1616742714,21
1616742714,21
1616742714,21
1616742714,21
1616742714,21
1616742714,21
1616742714,21
1616742714,21
1616742714,21
1616742714,21
1616742714,21
1616742714,21
1616742714,21
1616742714,21
1616742714,21
1616742714,21
1616742714,21
1616742714,21
1616742714,21
1616742714,21
1616742714,21
1616742714,21
1616742714,21
1616742714,21
1616742714,21
1616742714,21
1616742714,21
1616742714,21
1616742715,21
1616742715,21
1616742715,21
1616742715,21
1616742715,21
1616742715,21
1616742715,21
1616742715,21
1616742715,21
1616742715,21
1616742715,21
1616742715,21
1616742715,21
1616742715,21
1616742715,21
1616742715,21
1616742715,21
1616742715,21
1616742715,21
1616742715,21
1616742715,21
1616742715,21
1616742715,21
1616742715,21
1616742715,21
1616742715,21
1616742715,21
1616742715,21
1616742715,21
1616742715,21
1616742715,21
1616742715,21
1616742715,21
1616742715,21
1616742715,21
1616742715,21
1616742715,21
1616742715,21
1616742715,21
1616742715,21
1616742715,21
1616742715,21
1616742715,21
1616742715,21
1616742715,21
1616742715,21
1616742715,21
1616742715,21
1616742715,21
1616742715,21
1616742715,21
1616742715,21
1616742715,21
1616742715,21
1616742715,21
1616742715,21
1616742715,21
1616742715,21
1616742715,21
1616742715,21
1616742715,21
1616742715,21
1616742715,21
1616742715,21
1616742715,21
1616742715,21
1616742715,21
1616742715,21
1616742715,21
1616742715,21
1616742715,21
1616742715,21
1616742715,21
1616742715,21
1616742715,21
1616742715,21
1616742715,21
1616742715,21
1616742715,21
1616742715,21
1616742715,21
1616742715,21
1616742715,21
1616742715,21
1616742715,21
1616742715,21
1616742715,21
1616742715,21
1616742715,21
1616742715,21
1616742715,21
1616742715,21
1616742715,21
1616742715,21
1616742715,21
1616742715,21
1616742715,21
1616742715,21
1616742715,21
1616742715,21
1616742715,21
1616742715,21
1616742715,21
1616742715,21
1616742715,21
1616742715,21
1616742715,21
1616742715,21
1616742715,21
1616742715,21
1616742715,21
1616742715,21
1616742715,21
1616742715,21
1616742715,21
1616742715,21
1616742715,21
1616742715,21
1616742715,21
1616742715,21
1616742715,21
1616742715,21
1616742715,21
1616742715,21
1616742715,21
1616742715,21
1616742715,21
1616742715,21
1616742715,21
1616742715,21
1616742715,21
1616742715,21
1616742715,21
1616742715,21
1616742715,21
1616742715,21
1616742715,21
1616742715,21
1616742715,21
1616742715,21
1616742715,21
1616742715,21
1616742715,21
1616742715,21
1616742715,21
1616742715,21
1616742715,21
1616742715,21
1616742715,21
1616742715,21
1616742715,21
1616742715,21
1616742715,21
1616742715,21
1616742715,21
1616742715,21
1616742715,21
1616742715,21
1616742715,21
1616742715,21
1616742715,21
1616742715,21
1616742715,21
1616742715,21
1616742715,21
1616742715,21
1616742715,21
1616742715,21
1616742715,21
1616742715,21
1616742715,21
1616742715,21
1616742715,21
1616742715,21
1616742715,21
1616742715,21
1616742715,21
1616742715,21
1616742715,21
1616742715,21
1616742715,21
1616742715,21
1616742715,21
1616742715,21
1616742715,21
1616742715,21
1616742715,21
1616742715,21
1616742715,21
1616742715,21
1616742715,21
1616742715,21
1616742715,21
1616742715,21
1616742715,21
1616742715,21
1616742715,21
1616742715,21
1616742715,21
1616742715,21
1616742715,21
1616742715,21
1616742715,21
1616742715,21
1616742715,21
1616742715,21
1616742715,21
1616742715,21
1616742715,21
1616742715,21
1616742715,21
1616742715,21
1616742715,21
1616742715,21
1616742715,21
1616742715,21
1616742715,21
1616742715,21
1616742715,21
1616742715,21
1616742715,21
1616742715,21
1616742715,21
1616742715,21
1616742715,21
1616742715,21
1616742715,21
1616742715,21
1616742715,21
1616742715,21
1616742715,21
1616742715,21
1616742715,21
1616742715,21
1616742716,21
1616742716,21
1616742716,21
1616742716,21
1616742716,21
1616742716,21
1616742716,21
1616742716,21
1616742716,21
1616742716,21
1616742716,21
1616742716,21
1616742716,21
1616742716,21
1616742716,21
1616742716,21
1616742716,21
1616742716,21
1616742716,21
1616742716,21
1616742716,21
1616742716,21
1616742716,21
1616742716,21
1616742716,21
1616742716,21
1616742716,21
1616742716,21
1616742716,21
1616742716,21
1616742716,21
1616742716,21
1616742716,21
1616742716,21
1616742716,21
1616742716,21
1616742716,21
1616742716,21
1616742716,21
1616742716,21
1616742716,21
1616742716,21
1616742716,21
1616742716,21
1616742716,21
1616742716,21
1616742716,21
1616742716,21
1616742716,21
1616742716,21
1616742716,21
1616742716,21
1616742716,21
1616742716,21
1616742716,21
1616742716,21
1616742716,21
1616742716,21
1616742716,21
1616742716,21
1616742716,21
1616742716,21
1616742716,21
1616742716,21
1616742716,21
1616742716,21
1616742716,21
1616742716,21
1616742716,21
1616742716,21
1616742716,21
1616742716,21
1616742716,21
1616742716,21
1616742716,21
1616742716,21
1616742716,21
1616742716,21
1616742716,21
1616742716,21
1616742716,21
1616742716,21
1616742716,21
1616742716,21
1616742716,21
1616742716,21
1616742716,21
1616742716,21
1616742716,21
1616742716,21
1616742716,21
1616742716,21
1616742716,21
1616742716,21
1616742716,21
1616742716,21
1616742716,21
1616742716,21
1616742716,21
1616742716,21
1616742716,21
1616742716,21
1616742716,21
1616742716,21
1616742716,21
1616742716,21
1616742716,21
1616742716,21
1616742716,21
1616742716,21
1616742716,21
1616742716,21
1616742716,21
1616742716,21
1616742716,21
1616742716,21
1616742716,21
1616742716,21
1616742716,21
1616742716,21
1616742716,21
1616742716,21
1616742716,21
1616742716,21
1616742716,21
1616742716,21
1616742716,21
1616742716,21
1616742716,21
1616742716,21
1616742716,21
1616742716,21
1616742716,21
1616742716,21
1616742716,21
1616742716,21
1616742716,21
1616742716,21
1616742716,21
1616742716,21
1616742716,21
1616742716,21
1616742716,21
1616742716,21
1616742716,21
1616742716,21
1616742716,21
1616742716,21
1616742716,21
1616742716,21
1616742716,21
1616742716,21
1616742716,21
1616742716,21
1616742716,21
1616742716,21
1616742716,21
1616742716,21
1616742716,21
1616742716,21
1616742716,21
1616742716,21
1616742716,21
1616742716,21
1616742716,21
1616742716,21
1616742716,21
1616742716,21
1616742716,21
1616742716,21
1616742716,21
1616742716,21
1616742716,21
1616742716,21
1616742716,21
1616742716,21
1616742716,21
1616742716,21
1616742716,21
1616742716,21
1616742716,21
1616742716,21
1616742716,21
1616742716,21
1616742716,21
1616742716,21
1616742716,21
1616742716,21
1616742716,21
1616742716,21
1616742716,21
1616742716,21
1616742716,21
1616742716,21
1616742716,21
1616742716,21
1616742716,21
1616742716,21
1616742716,21
1616742716,21
1616742716,21
1616742716,21
1616742716,21
1616742716,21
1616742716,21
1616742716,21
1616742716,21
1616742716,21
1616742716,21
1616742716,21
1616742716,21
1616742716,21
1616742716,21
1616742716,21
1616742716,21
1616742716,21
1616742716,21
1616742716,21
1616742716,21
1616742716,21
1616742716,21
1616742716,21
1616742716,21
1616742716,21
1616742716,21
1616742716,21
1616742716,21
1616742716,21
1616742717,21
1616742717,21
1616742717,21
1616742717,21
1616742717,21
1616742717,21
1616742717,21
1616742717,21
1616742717,21
1616742717,21
1616742717,21
1616742717,21
1616742717,21
1616742717,21
1616742717,21
1616742717,21
1616742717,21
1616742717,21
1616742717,21
1616742717,21
1616742717,21
1616742717,21
1616742717,21
1616742717,21
1616742717,21
1616742717,21
1616742717,21
1616742717,21
1616742717,21
1616742717,21
1616742717,21
1616742717,21
1616742717,21
1616742717,21
1616742717,21
1616742717,21
1616742717,21
1616742717,21
1616742717,21
1616742717,21
1616742717,21
1616742717,21
1616742717,21
1616742717,21
1616742717,21
1616742717,21
1616742717,21
1616742717,21
1616742717,21
1616742717,21
1616742717,21
1616742717,21
1616742717,21
1616742717,21
1616742717,21
1616742717,21
1616742717,21
1616742717,21
1616742717,21
1616742717,21
1616742717,21
1616742717,21
1616742717,21
1616742717,21
1616742717,21
1616742717,21
1616742717,21
1616742717,21
1616742717,21
1616742717,21
1616742717,21
1616742717,21
1616742717,21
1616742717,21
1616742717,21
1616742717,21
1616742717,21
1616742717,21
1616742717,21
1616742717,21
1616742717,21
1616742717,21
1616742717,21
1616742717,21
1616742717,21
1616742717,21
1616742717,21
1616742717,21
1616742717,21
1616742717,21
1616742717,21
1616742717,21
1616742717,21
1616742717,21
1616742717,21
1616742717,21
1616742717,21
1616742717,21
1616742717,21
1616742717,21
1616742717,21
1616742717,21
1616742717,21
1616742717,21
1616742717,21
1616742717,21
1616742717,21
1616742717,21
1616742717,21
1616742717,21
1616742717,21
1616742717,21
1616742717,21
1616742717,21
1616742717,21
1616742717,21
1616742717,21
1616742717,21
1616742717,21
1616742717,21
1616742717,21
1616742717,21
1616742717,21
1616742717,21
1616742717,21
1616742717,21
1616742717,21
1616742717,21
1616742717,21
1616742717,21
1616742717,21
1616742717,21
1616742717,21
1616742717,21
1616742717,21
1616742717,21
1616742717,21
1616742717,21
1616742717,21
1616742717,21
1616742717,21
1616742717,21
1616742717,21
1616742717,21
1616742717,21
1616742717,21
1616742717,21
1616742717,21
1616742717,21
1616742717,21
1616742717,21
1616742717,21
1616742717,21
1616742717,21
1616742717,21
1616742717,21
1616742717,21
1616742717,21
1616742717,21
1616742717,21
1616742717,21
1616742717,21
1616742717,21
1616742717,21
1616742717,21
1616742717,21
1616742717,21
1616742717,21
1616742717,21
1616742717,21
1616742717,21
1616742718,21
1616742718,21
1616742718,21
1616742718,21
1616742718,21
1616742718,21
1616742718,21
1616742718,21
1616742718,21
1616742718,21
1616742718,21
1616742718,21
1616742718,21
1616742718,21
1616742718,21
1616742718,21
1616742718,21
1616742718,21
1616742718,21
1616742718,21
1616742718,21
1616742718,21
1616742718,21
1616742718,21
1616742718,21
1616742718,21
1616742718,21
1616742718,21
1616742718,21
1616742718,21
1616742718,21
1616742718,21
1616742718,21
1616742718,21
1616742718,21
1616742718,21
1616742718,21
1616742718,21
1616742718,21
1616742718,21
1616742718,21
1616742718,21
1616742718,21
1616742718,21
1616742718,21
1616742718,21
1616742718,21
1616742718,21
1616742718,21
1616742718,21
1616742718,21
1616742718,21
1616742718,21
1616742718,21
1616742718,21
1616742718,21
1616742718,21
1616742718,21
1616742718,21
1616742718,21
1616742718,21
1616742718,21
1616742718,21
1616742718,21
1616742718,21
1616742718,21
1616742718,21
1616742718,21
1616742718,21
1616742718,21
1616742718,21
1616742718,21
1616742718,21
1616742718,21
1616742718,21
1616742718,21
1616742718,21
1616742718,21
1616742718,21
1616742718,21
1616742718,21
1616742718,21
1616742718,21
1616742718,21
1616742718,21
1616742718,21
1616742718,21
1616742718,21
1616742718,21
1616742718,21
1616742718,21
1616742718,21
1616742718,21
1616742718,21
1616742718,21
1616742718,21
1616742718,21
1616742718,21
1616742718,21
1616742718,21
1616742718,21
1616742718,21
1616742718,21
1616742718,21
1616742718,21
1616742718,21
1616742718,21
1616742718,21
1616742718,21
1616742718,21
1616742718,21
1616742718,21
1616742718,21
1616742718,21
1616742718,21
1616742718,21
1616742718,21
1616742718,21
1616742718,21
1616742718,21
1616742718,21
1616742718,21
1616742718,21
1616742718,21
1616742718,21
1616742718,21
1616742718,21
1616742718,21
1616742718,21
1616742718,21
1616742718,21
1616742718,21
1616742718,21
1616742718,21
1616742718,21
1616742718,21
1616742718,21
1616742718,21
1616742718,21
1616742718,21
1616742718,21
1616742718,21
1616742718,21
1616742718,21
1616742718,21
1616742718,21
1616742718,21
1616742718,21
1616742718,21
1616742718,21
1616742718,21
1616742718,21
1616742718,21
1616742718,21
1616742718,21
1616742718,21
1616742718,21
1616742718,21
1616742718,21
1616742718,21
1616742718,21
1616742718,21
1616742718,21
1616742718,21
1616742718,21
1616742718,21
1616742718,21
1616742718,21
1616742718,21
1616742719,21
1616742719,21
1616742719,21
1616742719,21
1616742719,21
1616742719,21
1616742719,21
1616742719,21
1616742719,21
1616742719,21
1616742719,21
1616742719,21
1616742719,21
1616742719,21
1616742719,21
1616742719,21
1616742719,21
1616742719,21
1616742719,21
1616742719,21
1616742719,21
1616742719,21
1616742719,21
1616742719,21
1616742719,21
1616742719,21
1616742719,21
1616742719,21
1616742719,21
1616742719,21
1616742719,21
1616742719,21
1616742719,21
1616742719,21
1616742719,21
1616742719,21
1616742719,21
1616742719,21
1616742719,21
1616742719,21
1616742719,21
1616742719,21
1616742719,21
1616742719,21
1616742719,21
1616742719,21
1616742719,21
1616742719,21
1616742719,21
1616742719,21
1616742719,21
1616742719,21
1616742719,21
1616742719,21
1616742719,21
1616742719,21
1616742719,21
1616742719,21
1616742719,21
1616742719,21
1616742719,21
1616742719,21
1616742719,21
1616742719,21
1616742719,21
1616742719,21
1616742719,21
1616742719,21
1616742719,21
1616742719,21
1616742719,21
1616742719,21
1616742719,21
1616742719,21
1616742719,21
1616742719,21
1616742719,21
1616742719,21
1616742719,21
1616742719,21
1616742719,21
1616742719,21
1616742719,21
1616742719,21
1616742719,21
1616742719,21
1616742719,21
1616742719,21
1616742719,21
1616742719,21
1616742719,21
1616742719,21
1616742719,21
1616742719,21
1616742719,21
1616742719,21
1616742719,21
1616742719,21
1616742719,21
1616742719,21
1616742719,21
1616742719,21
1616742719,21
1616742719,21
1616742719,21
1616742719,21
1616742719,21
1616742719,21
1616742719,21
1616742719,21
1616742719,21
1616742719,21
1616742719,21
1616742719,21
1616742719,21
1616742719,21
1616742719,21
1616742719,21
1616742719,21
1616742719,21
1616742719,21
1616742719,21
1616742719,21
1616742719,21
1616742719,21
1616742719,21
1616742719,21
1616742719,21
1616742719,21
1616742719,21
1616742719,21
1616742719,21
1616742719,21
1616742719,21
1616742719,21
1616742719,21
1616742719,21
1616742719,21
1616742719,21
1616742719,21
1616742719,21
1616742719,21
1616742719,21
1616742719,21
1616742719,21
1616742719,21
1616742719,21
1616742719,21
1616742719,21
1616742719,21
1616742719,21
1616742719,21
1616742719,21
1616742719,21
1616742719,21
1616742719,21
1616742719,21
1616742719,21
1616742719,21
1616742719,21
1616742719,21
1616742719,21
1616742719,21
1616742719,21
1616742719,21
1616742719,21
1616742719,21
1616742719,21
1616742719,21
1616742719,21
1616742719,21
1616742719,21
1616742719,21
1616742719,21
1616742719,21
1616742719,21
1616742719,21
1616742719,21
1616742719,21
1616742719,21
1616742719,21
1616742719,21
1616742719,21
1616742719,21
1616742719,21
1616742719,21
1616742719,21
1616742719,21
1616742719,21
1616742719,21
1616742719,21
1616742719,21
1616742719,21
1616742719,21
1616742719,21
1616742719,21
1616742719,21
1616742719,21
1616742719,21
1616742719,21
1616742719,21
1616742719,21
1616742719,21
1616742719,21
1616742719,21
1616742719,21
1616742719,21
1616742719,21
1616742719,21
1616742720,21
1616742720,21
1616742720,21
1616742720,21
1616742720,21
1616742720,21
1616742720,21
1616742720,21
1616742720,21
1616742720,21
1616742720,21
1616742720,21
1616742720,21
1616742720,21
1616742720,21
1616742720,21
1616742720,21
1616742720,21
1616742720,21
1616742720,21
1616742720,21
1616742720,21
1616742720,21
1616742720,21
1616742720,21
1616742720,21
1616742720,21
1616742720,21
1616742720,21
1616742720,21
1616742720,21
1616742720,21
1616742720,21
1616742720,21
1616742720,21
1616742720,21
1616742720,21
1616742720,21
1616742720,21
1616742720,21
1616742720,21
1616742720,21
1616742720,21
1616742720,21
1616742720,21
1616742720,21
1616742720,21
1616742720,21
1616742720,21
1616742720,21
1616742720,21
1616742720,21
1616742720,21
1616742720,21
1616742720,21
1616742720,21
1616742720,21
1616742720,21
1616742720,21
1616742720,21
1616742720,21
1616742720,21
1616742720,21
1616742720,21
1616742720,21
1616742720,21
1616742720,21
1616742720,21
1616742720,21
1616742720,21
1616742720,21
1616742720,21
1616742720,21
1616742720,21
1616742720,21
1616742720,21
1616742720,21
1616742720,21
1616742720,21
1616742720,21
1616742720,21
1616742720,21
1616742720,21
1616742720,21
1616742720,21
1616742720,21
1616742720,21
1616742720,21
1616742720,21
1616742720,21
1616742720,21
1616742720,21
1616742720,21
1616742720,21
1616742720,21
1616742720,21
1616742720,21
1616742720,21
1616742720,21
1616742720,21
1616742720,21
1616742720,21
1616742720,21
1616742720,21
1616742720,21
1616742720,21
1616742720,21
1616742720,21
1616742720,21
1616742720,21
1616742720,21
1616742720,21
1616742720,21
1616742720,21
1616742720,21
1616742720,21
1616742720,21
1616742720,21
1616742720,21
1616742720,21
1616742720,21
1616742720,21
1616742720,21
1616742720,21
1616742720,21
1616742720,21
1616742720,21
1616742720,21
1616742720,21
1616742720,21
1616742720,21
1616742720,21
1616742720,21
1616742720,21
1616742720,21
1616742720,21
1616742720,21
1616742720,21
1616742720,21
1616742720,21
1616742720,21
1616742720,21
1616742720,21
1616742720,21
1616742720,21
1616742720,21
1616742720,21
1616742720,21
1616742720,21
1616742720,21
1616742720,21
1616742720,21
1616742720,21
1616742720,21
1616742720,21
1616742720,21
1616742720,21
1616742720,21
1616742720,21
1616742720,21
1616742720,21
1616742720,21
1616742720,21
1616742720,21
1616742720,21
1616742720,21
1616742720,21
1616742720,21
1616742720,21
1616742720,21
1616742720,21
1616742720,21
1616742720,21
1616742720,21
1616742720,21
1616742720,21
1616742720,21
1616742720,21
1616742720,21
1616742720,21
1616742720,21
1616742720,21
1616742720,21
1616742720,21
1616742720,21
1616742720,21
1616742720,21
1616742720,21
1616742720,21
1616742720,21
1616742720,21
1616742720,21
1616742720,21
1616742720,21
1616742720,21
1616742720,21
1616742720,21
1616742720,21
1616742720,21
1616742720,21
1616742720,21
1616742720,21
1616742720,21
1616742720,21
1616742720,21
1616742720,21
1616742720,21
1616742720,21
1616742720,21
1616742720,21
1616742720,21
1616742720,21
1616742720,21
1616742720,21
1616742720,21
1616742720,21
1616742720,21
1616742720,21
1616742720,21
1616742720,21
1616742720,21
1616742720,21
1616742720,21
1616742720,21
1616742720,21
1616742720,21
1616742720,21
1616742720,21
1616742720,21
1616742720,21
1616742720,21
1616742720,21
1616742720,21
1616742720,21
1616742720,21
1616742720,21
1616742720,21
1616742720,21
1616742720,21
1616742720,21
1616742720,21
1616742720,21
1616742720,21
1616742720,21
1616742720,21
1616742720,21
1616742720,21
1616742720,21
1616742720,21
1616742720,21
1616742720,21
1616742720,21
1616742720,21
1616742721,21
1616742721,21
1616742721,21
1616742721,21
1616742721,21
1616742721,21
1616742721,21
1616742721,21
1616742721,21
1616742721,21
1616742721,21
1616742721,21
1616742721,21
1616742721,21
1616742721,21
1616742721,21
1616742721,21
1616742721,21
1616742721,21
1616742721,21
1616742721,21
1616742721,21
1616742721,21
1616742721,21
1616742721,21
1616742721,21
1616742721,21
1616742721,21
1616742721,21
1616742721,21
1616742721,21
1616742721,21
1616742721,21
1616742721,21
1616742721,21
1616742721,21
1616742721,21
1616742721,21
1616742721,21
1616742721,21
1616742721,21
1616742721,21
1616742721,21
1616742721,21
1616742721,21
1616742721,21
1616742721,21
1616742721,21
1616742721,21
1616742721,21
1616742721,21
1616742721,21
1616742721,21
1616742721,21
1616742721,21
1616742721,21
1616742721,21
1616742721,21
1616742721,21
1616742721,21
1616742721,21
1616742721,21
1616742721,21
1616742721,21
1616742721,21
1616742721,21
1616742721,21
1616742721,21
1616742721,21
1616742721,21
1616742721,21
1616742721,21
1616742721,21
1616742721,21
1616742721,21
1616742721,21
1616742721,21
1616742721,21
1616742721,21
1616742721,21
1616742721,21
1616742721,21
1616742721,21
1616742721,21
1616742721,21
1616742721,21
1616742721,21
1616742721,21
1616742721,21
1616742721,21
1616742721,21
1616742721,21
1616742721,21
1616742721,21
1616742721,21
1616742721,21
1616742721,21
1616742721,21
1616742721,21
1616742721,21
1616742721,21
1616742721,21
1616742721,21
1616742721,21
1616742721,21
1616742721,21
1616742721,21
1616742721,21
1616742721,21
1616742721,21
1616742721,21
1616742721,21
1616742721,21
1616742721,21
1616742721,21
1616742721,21
1616742721,21
1616742721,21
1616742721,21
1616742721,21
1616742721,21
1616742721,21
1616742721,21
1616742721,21
1616742721,21
1616742721,21
1616742721,21
1616742721,21
1616742721,21
1616742721,21
1616742721,21
1616742721,21
1616742721,21
1616742721,21
1616742721,21
1616742721,21
1616742721,21
1616742721,21
1616742721,21
1616742721,21
1616742721,21
1616742721,21
1616742721,21
1616742721,21
1616742721,21
1616742721,21
1616742721,21
1616742721,21
1616742721,21
1616742721,21
1616742721,21
1616742721,21
1616742721,21
1616742721,21
1616742721,21
1616742721,21
1616742721,21
1616742721,21
1616742721,21
1616742721,21
1616742721,21
1616742721,21
1616742721,21
1616742721,21
1616742721,21
1616742721,21
1616742721,21
1616742721,21
1616742721,21
1616742721,21
1616742721,21
1616742721,21
1616742721,21
1616742721,21
1616742721,21
1616742721,21
1616742721,21
1616742721,21
1616742721,21
1616742721,21
1616742721,21
1616742721,21
1616742721,21
1616742721,21
1616742721,21
1616742721,21
1616742721,21
1616742721,21
1616742721,21
1616742721,21
1616742721,21
1616742721,21
1616742721,21
1616742721,21
1616742721,21
1616742721,21
1616742721,21
1616742721,21
1616742721,21
1616742721,21
1616742721,21
1616742722,21
1616742722,21
1616742722,21
1616742722,21
1616742722,21
1616742722,21
1616742722,21
1616742722,21
1616742722,21
1616742722,21
1616742722,21
1616742722,21
1616742722,21
1616742722,21
1616742722,21
1616742722,21
1616742722,21
1616742722,21
1616742722,21
1616742722,21
1616742722,21
1616742722,21
1616742722,21
1616742722,21
1616742722,21
1616742722,21
1616742722,21
1616742722,21
1616742722,21
1616742722,21
1616742722,21
1616742722,21
1616742722,21
1616742722,21
1616742722,21
1616742722,21
1616742722,21
1616742722,21
1616742722,21
1616742722,21
1616742722,21
1616742722,21
1616742722,21
1616742722,21
1616742722,21
1616742722,21
1616742722,21
1616742722,21
1616742722,21
1616742722,21
1616742722,21
1616742722,21
1616742722,21
1616742722,21
1616742722,21
1616742722,21
1616742722,21
1616742722,21
1616742722,21
1616742722,21
1616742722,21
1616742722,21
1616742722,21
1616742722,21
1616742722,21
1616742722,21
1616742722,21
1616742722,21
1616742722,21
1616742722,21
1616742722,21
1616742722,21
1616742722,21
1616742722,21
1616742722,21
1616742722,21
1616742722,21
1616742722,21
1616742722,21
1616742722,21
1616742722,21
1616742722,21
1616742722,21
1616742722,21
1616742722,21
1616742722,21
1616742722,21
1616742722,21
1616742722,21
1616742722,21
1616742722,21
1616742722,21
1616742722,21
1616742722,21
1616742722,21
1616742722,21
1616742722,21
1616742722,21
1616742722,21
1616742722,21
1616742722,21
1616742722,21
1616742722,21
1616742722,21
1616742722,21
1616742722,21
1616742722,21
1616742722,21
1616742722,21
1616742722,21
1616742722,21
1616742722,21
1616742722,21
1616742722,21
1616742722,21
1616742722,21
1616742722,21
1616742722,21
1616742722,21
1616742722,21
1616742722,21
1616742722,21
1616742722,21
1616742722,21
1616742722,21
1616742722,21
1616742722,21
1616742722,21
1616742722,21
1616742722,21
1616742722,21
1616742722,21
1616742722,21
1616742722,21
1616742722,21
1616742722,21
1616742722,21
1616742722,21
1616742722,21
1616742722,21
1616742722,21
1616742722,21
1616742722,21
1616742722,21
1616742722,21
1616742722,21
1616742722,21
1616742722,21
1616742722,21
1616742722,21
1616742722,21
1616742722,21
1616742722,21
1616742722,21
1616742722,21
1616742722,21
1616742722,21
1616742722,21
1616742722,21
1616742722,21
1616742722,21
1616742722,21
1616742722,21
1616742722,21
1616742722,21
1616742722,21
1616742722,21
1616742722,21
1616742722,21
1616742722,21
1616742722,21
1616742722,21
1616742722,21
1616742722,21
1616742722,21
1616742722,21
1616742722,21
1616742722,21
1616742722,21
1616742722,21
1616742722,21
1616742722,21
1616742722,21
1616742722,21
1616742722,21
1616742722,21
1616742722,21
1616742722,21
1616742722,21
1616742722,21
1616742722,21
1616742722,21
1616742722,21
1616742722,21
1616742722,21
1616742722,21
1616742722,21
1616742722,21
1616742722,21
1616742722,21
1616742722,21
1616742722,21
1616742722,21
1616742723,21
1616742723,21
1616742723,21
1616742723,21
1616742723,21
1616742723,21
1616742723,21
1616742723,21
1616742723,21
1616742723,21
1616742723,21
1616742723,21
1616742723,21
1616742723,21
1616742723,21
1616742723,21
1616742723,21
1616742723,21
1616742723,21
1616742723,21
1616742723,21
1616742723,21
1616742723,21
1616742723,21
1616742723,21
1616742723,21
1616742723,21
1616742723,21
1616742723,21
1616742723,21
1616742723,21
1616742723,21
1616742723,21
1616742723,21
1616742723,21
1616742723,21
1616742723,21
1616742723,21
1616742723,21
1616742723,21
1616742723,21
1616742723,21
1616742723,21
1616742723,21
1616742723,21
1616742723,21
1616742723,21
1616742723,21
1616742723,21
1616742723,21
1616742723,21
1616742723,21
1616742723,21
1616742723,21
1616742723,21
1616742723,21
1616742723,21
1616742723,21
1616742723,21
1616742723,21
1616742723,21
1616742723,21
1616742723,21
1616742723,21
1616742723,21
1616742723,21
1616742723,21
1616742723,21
1616742723,21
1616742723,21
1616742723,21
1616742723,21
1616742723,21
1616742723,21
1616742723,21
1616742723,21
1616742723,21
1616742723,21
1616742723,21
1616742723,21
1616742723,21
1616742723,21
1616742723,21
1616742723,21
1616742723,21
1616742723,21
1616742723,21
1616742723,21
1616742723,21
1616742723,21
1616742723,21
1616742723,21
1616742723,21
1616742723,21
1616742723,21
1616742723,21
1616742723,21
1616742723,21
1616742723,21
1616742723,21
1616742723,21
1616742723,21
1616742723,21
1616742723,21
1616742723,21
1616742723,21
1616742723,21
1616742723,21
1616742723,21
1616742723,21
1616742723,21
1616742723,21
1616742723,21
1616742723,21
1616742723,21
1616742723,21
1616742723,21
1616742723,21
1616742723,21
1616742723,21
1616742723,21
1616742723,21
1616742723,21
1616742723,21
1616742723,21
1616742723,21
1616742723,21
1616742723,21
1616742723,21
1616742723,21
1616742723,21
1616742723,21
1616742723,21
1616742723,21
1616742723,21
1616742723,21
1616742723,21
1616742723,21
1616742723,21
1616742723,21
1616742723,21
1616742723,21
1616742723,21
1616742723,21
1616742723,21
1616742723,21
1616742723,21
1616742723,21
1616742723,21
1616742723,21
1616742723,21
1616742723,21
1616742723,21
1616742723,21
1616742723,21
1616742723,21
1616742723,21
1616742723,21
1616742723,21
1616742723,21
1616742723,21
1616742723,21
1616742723,21
1616742723,21
1616742723,21
1616742723,21
1616742723,21
1616742723,21
1616742723,21
1616742723,21
1616742723,21
1616742723,21
1616742723,21
1616742723,21
1616742723,21
1616742723,21
1616742723,21
1616742723,21
1616742723,21
1616742723,21
1616742723,21
1616742723,21
1616742723,21
1616742723,21
1616742723,21
1616742723,21
1616742723,21
1616742723,21
1616742723,21
1616742723,21
1616742723,21
1616742723,21
1616742723,21
1616742723,21
1616742723,21
1616742723,21
1616742723,21
1616742723,21
1616742723,21
1616742723,21
1616742723,21
1616742723,21
1616742723,21
1616742723,21
1616742723,21
1616742723,21
1616742723,21
1616742723,21
1616742723,21
1616742723,21
1616742723,21
1616742723,21
1616742723,21
1616742723,21
1616742723,21
1616742723,21
1616742723,21
1616742723,21
1616742723,21
1616742723,21
1616742723,21
1616742723,21
1616742723,21
1616742723,21
1616742723,21
1616742723,21
1616742723,21
1616742723,21
1616742723,21
1616742724,21
1616742724,21
1616742724,21
1616742724,21
1616742724,21
1616742724,21
1616742724,21
1616742724,21
1616742724,21
1616742724,21
1616742724,21
1616742724,21
1616742724,21
1616742724,21
1616742724,21
1616742724,21
1616742724,21
1616742724,21
1616742724,21
1616742724,21
1616742724,21
1616742724,21
1616742724,21
1616742724,21
1616742724,21
1616742724,21
1616742724,21
1616742724,21
1616742724,21
1616742724,21
1616742724,21
1616742724,21
1616742724,21
1616742724,21
1616742724,21
1616742724,21
1616742724,21
1616742724,21
1616742724,21
1616742724,21
1616742724,21
1616742724,21
1616742724,21
1616742724,21
1616742724,21
1616742724,21
1616742724,21
1616742724,21
1616742724,21
1616742724,21
1616742724,21
1616742724,21
1616742724,21
1616742724,21
1616742724,21
1616742724,21
1616742724,21
1616742724,21
1616742724,21
1616742724,21
1616742724,21
1616742724,21
1616742724,21
1616742724,21
1616742724,21
1616742724,21
1616742724,21
1616742724,21
1616742724,21
1616742724,21
1616742724,21
1616742724,21
1616742724,21
1616742724,21
1616742724,21
1616742724,21
1616742724,21
1616742724,21
1616742724,21
1616742724,21
1616742724,21
1616742724,21
1616742724,21
1616742724,21
1616742724,21
1616742724,21
1616742724,21
1616742724,21
1616742724,21
1616742724,21
1616742724,21
1616742724,21
1616742724,21
1616742724,21
1616742724,21
1616742724,21
1616742724,21
1616742724,21
1616742724,21
1616742724,21
1616742724,21
1616742724,21
1616742724,21
1616742724,21
1616742724,21
1616742724,21
1616742724,21
1616742724,21
1616742724,21
1616742724,21
1616742724,21
1616742724,21
1616742724,21
1616742724,21
1616742724,21
1616742724,21
1616742724,21
1616742724,21
1616742724,21
1616742724,21
1616742724,21
1616742724,21
1616742724,21
1616742724,21
1616742724,21
1616742724,21
1616742724,21
1616742724,21
1616742724,21
1616742724,21
1616742724,21
1616742724,21
1616742724,21
1616742724,21
1616742724,21
1616742724,21
1616742724,21
1616742724,21
1616742724,21
1616742724,21
1616742724,21
1616742724,21
1616742724,21
1616742724,21
1616742724,21
1616742724,21
1616742724,21
1616742724,21
1616742724,21
1616742724,21
1616742724,21
1616742724,21
1616742724,21
1616742724,21
1616742724,21
1616742724,21
1616742724,21
1616742724,21
1616742724,21
1616742724,21
1616742724,21
1616742724,21
1616742724,21
1616742724,21
1616742724,21
1616742724,21
1616742724,21
1616742724,21
1616742724,21
1616742724,21
1616742724,21
1616742724,21
1616742724,21
1616742724,21
1616742724,21
1616742724,21
1616742724,21
1616742724,21
1616742724,21
1616742724,21
1616742724,21
1616742724,21
1616742724,21
1616742724,21
1616742724,21
1616742724,21
1616742724,21
1616742724,21
1616742724,21
1616742724,21
1616742724,21
1616742724,21
1616742724,21
1616742724,21
1616742724,21
1616742724,21
1616742724,21
1616742724,21
1616742724,21
1616742724,21
1616742724,21
1616742724,21
1616742724,21
1616742724,21
1616742724,21
1616742724,21
1616742724,21
1616742724,21
1616742724,21
1616742724,21
1616742724,21
1616742724,21
1616742724,21
1616742724,21
1616742724,21
1616742724,21
1616742724,21
1616742724,21
1616742724,21
1616742724,21
1616742724,21
1616742724,21
1616742724,21
1616742724,21
1616742724,21
1616742724,21
1616742724,21
1616742724,21
1616742724,21
1616742724,21
1616742724,21
1616742724,21
1616742724,21
1616742724,21
1616742724,21
1616742724,21
1616742724,21
1616742724,21
1616742724,21
1616742724,21
1616742724,21
1616742724,21
1616742724,21
1616742724,21
1616742724,21
1616742724,21
1616742724,21
1616742724,21
1616742724,21
1616742724,21
1616742724,21
1616742724,21
1616742724,21
1616742724,21
1616742724,21
1616742724,21
1616742724,21
1616742724,21
1616742724,21
1616742725,21
1616742725,21
1616742725,21
1616742725,21
1616742725,21
1616742725,21
1616742725,21
1616742725,21
1616742725,21
1616742725,21
1616742725,21
1616742725,21
1616742725,21
1616742725,21
1616742725,21
1616742725,21
1616742725,21
1616742725,21
1616742725,21
1616742725,21
1616742725,21
1616742725,21
1616742725,21
1616742725,21
1616742725,21
1616742725,21
1616742725,21
1616742725,21
1616742725,21
1616742725,21
1616742725,21
1616742725,21
1616742725,21
1616742725,21
1616742725,21
1616742725,21
1616742725,21
1616742725,21
1616742725,21
1616742725,21
1616742725,21
1616742725,21
1616742725,21
1616742725,21
1616742725,21
1616742725,21
1616742725,21
1616742725,21
1616742725,21
1616742725,21
1616742725,21
1616742725,21
1616742725,21
1616742725,21
1616742725,21
1616742725,21
1616742725,21
1616742725,21
1616742725,21
1616742725,21
1616742725,21
1616742725,21
1616742725,21
1616742725,21
1616742725,21
1616742725,21
1616742725,21
1616742725,21
1616742725,21
1616742725,21
1616742725,21
1616742725,21
1616742725,21
1616742725,21
1616742725,21
1616742725,21
1616742725,21
1616742725,21
1616742725,21
1616742725,21
1616742725,21
1616742725,21
1616742725,21
1616742725,21
1616742725,21
1616742725,21
1616742725,21
1616742725,21
1616742725,21
1616742725,21
1616742725,21
1616742725,21
1616742725,21
1616742725,21
1616742725,21
1616742725,21
1616742725,21
1616742725,21
1616742725,21
1616742725,21
1616742725,21
1616742725,21
1616742725,21
1616742725,21
1616742725,21
1616742725,21
1616742725,21
1616742725,21
1616742725,21
1616742725,21
1616742725,21
1616742725,21
1616742725,21
1616742725,21
1616742725,21
1616742725,21
1616742725,21
1616742725,21
1616742725,21
1616742725,21
1616742725,21
1616742725,21
1616742725,21
1616742725,21
1616742725,21
1616742725,21
1616742725,21
1616742725,21
1616742725,21
1616742725,21
1616742725,21
1616742725,21
1616742725,21
1616742725,21
1616742725,21
1616742725,21
1616742725,21
1616742725,21
1616742725,21
1616742725,21
1616742725,21
1616742725,21
1616742725,21
1616742725,21
1616742725,21
1616742725,21
1616742725,21
1616742725,21
1616742725,21
1616742725,21
1616742725,21
1616742725,21
1616742725,21
1616742725,21
1616742725,21
1616742725,21
1616742725,21
1616742725,21
1616742725,21
1616742725,21
1616742725,21
1616742725,21
1616742725,21
1616742725,21
1616742725,21
1616742725,21
1616742725,21
1616742725,21
1616742725,21
1616742725,21
1616742725,21
1616742725,21
1616742725,21
1616742725,21
1616742725,21
1616742725,21
1616742725,21
1616742725,21
1616742725,21
1616742725,21
1616742725,21
1616742725,21
1616742725,21
1616742725,21
1616742725,21
1616742725,21
1616742725,21
1616742725,21
1616742725,21
1616742725,21
1616742725,21
1616742725,21
1616742725,21
1616742725,21
1616742725,21
1616742725,21
1616742725,21
1616742725,21
1616742725,21
1616742725,21
1616742725,21
1616742725,21
1616742725,21
1616742725,21
1616742725,21
1616742725,21
1616742725,21
1616742725,21
1616742725,21
1616742725,21
1616742725,21
1616742725,21
1616742725,21
1616742725,21
1616742725,21
1616742725,21
1616742725,21
1616742725,21
1616742725,21
1616742725,21
1616742725,21
1616742725,21
1616742725,21
1616742725,21
1616742725,21
1616742725,21
1616742725,21
1616742725,21
1616742725,21
1616742725,21
1616742725,21
1616742725,21
1616742725,21
1616742725,21
1616742725,21
1616742725,21
1616742725,21
1616742725,21
1616742725,21
1616742725,21
1616742725,21
1616742725,21
1616742725,21
1616742725,21
1616742725,21
1616742725,21
1616742725,21
1616742725,21
1616742725,21
1616742726,21
1616742726,21
1616742726,21
1616742726,21
1616742726,21
1616742726,21
1616742726,21
1616742726,21
1616742726,21
1616742726,21
1616742726,21
1616742726,21
1616742726,21
1616742726,21
1616742726,21
1616742726,21
1616742726,21
1616742726,21
1616742726,21
1616742726,21
1616742726,21
1616742726,21
1616742726,21
1616742726,21
1616742726,21
1616742726,21
1616742726,21
1616742726,21
1616742726,21
1616742726,21
1616742726,21
1616742726,21
1616742726,21
1616742726,21
1616742726,21
1616742726,21
1616742726,21
1616742726,21
1616742726,21
1616742726,21
1616742726,21
1616742726,21
1616742726,21
1616742726,21
1616742726,21
1616742726,21
1616742726,21
1616742726,21
1616742726,21
1616742726,21
1616742726,21
1616742726,21
1616742726,21
1616742726,21
1616742726,21
1616742726,21
1616742726,21
1616742726,21
1616742726,21
1616742726,21
1616742726,21
1616742726,21
1616742726,21
1616742726,21
1616742726,21
1616742726,21
1616742726,21
1616742726,21
1616742726,21
1616742726,21
1616742726,21
1616742726,21
1616742726,21
1616742726,21
1616742726,21
1616742726,21
1616742726,21
1616742726,21
1616742726,21
1616742726,21
1616742726,21
1616742726,21
1616742726,21
1616742726,21
1616742726,21
1616742726,21
1616742726,21
1616742726,21
1616742726,21
1616742726,21
1616742726,21
1616742726,21
1616742726,21
1616742726,21
1616742726,21
1616742726,21
1616742726,21
1616742726,21
1616742726,21
1616742726,21
1616742726,21
1616742726,21
1616742726,21
1616742726,21
1616742726,21
1616742726,21
1616742726,21
1616742726,21
1616742726,21
1616742726,21
1616742726,21
1616742726,21
1616742726,21
1616742726,21
1616742726,21
1616742726,21
1616742726,21
1616742726,21
1616742726,21
1616742726,21
1616742726,21
1616742726,21
1616742726,21
1616742726,21
1616742726,21
1616742726,21
1616742726,21
1616742726,21
1616742726,21
1616742726,21
1616742726,21
1616742726,21
1616742726,21
1616742726,21
1616742726,21
1616742726,21
1616742726,21
1616742726,21
1616742726,21
1616742726,21
1616742726,21
1616742726,21
1616742726,21
1616742726,21
1616742726,21
1616742726,21
1616742726,21
1616742726,21
1616742726,21
1616742726,21
1616742726,21
1616742726,21
1616742726,21
1616742726,21
1616742726,21
1616742726,21
1616742726,21
1616742726,21
1616742726,21
1616742726,21
1616742726,21
1616742726,21
1616742726,21
1616742726,21
1616742726,21
1616742726,21
1616742726,21
1616742726,21
1616742726,21
1616742726,21
1616742726,21
1616742726,21
1616742726,21
1616742726,21
1616742726,21
1616742726,21
1616742726,21
1616742726,21
1616742726,21
1616742726,21
1616742726,21
1616742726,21
1616742726,21
1616742726,21
1616742726,21
1616742726,21
1616742726,21
1616742726,21
1616742726,21
1616742727,21
1616742727,21
1616742727,21
1616742727,21
1616742727,21
1616742727,21
1616742727,21
1616742727,21
1616742727,21
1616742727,21
1616742727,21
1616742727,21
1616742727,21
1616742727,21
1616742727,21
1616742727,21
1616742727,21
1616742727,21
1616742727,21
1616742727,21
1616742727,21
1616742727,21
1616742727,21
1616742727,21
1616742727,21
1616742727,21
1616742727,21
1616742727,21
1616742727,21
1616742727,21
1616742727,21
1616742727,21
1616742727,21
1616742727,21
1616742727,21
1616742727,21
1616742727,21
1616742727,21
1616742727,21
1616742727,21
1616742727,21
1616742727,21
1616742727,21
1616742727,21
1616742727,21
1616742727,21
1616742727,21
1616742727,21
1616742727,21
1616742727,21
1616742727,21
1616742727,21
1616742727,21
1616742727,21
1616742727,21
1616742727,21
1616742727,21
1616742727,21
1616742727,21
1616742727,21
1616742727,21
1616742727,21
1616742727,21
1616742727,21
1616742727,21
1616742727,21
1616742727,21
1616742727,21
1616742727,21
1616742727,21
1616742727,21
1616742727,21
1616742727,21
1616742727,21
1616742727,21
1616742727,21
1616742727,21
1616742727,21
1616742727,21
1616742727,21
1616742727,21
1616742727,21
1616742727,21
1616742727,21
1616742727,21
1616742727,21
1616742727,21
1616742727,21
1616742727,21
1616742727,21
1616742727,21
1616742727,21
1616742727,21
1616742727,21
1616742727,21
1616742727,21
1616742727,21
1616742727,21
1616742727,21
1616742727,21
1616742727,21
1616742727,21
1616742727,21
1616742727,21
1616742727,21
1616742727,21
1616742727,21
1616742727,21
1616742727,21
1616742727,21
1616742727,21
1616742727,21
1616742727,21
1616742727,21
1616742727,21
1616742727,21
1616742727,21
1616742727,21
1616742727,21
1616742727,21
1616742727,21
1616742727,21
1616742727,21
1616742727,21
1616742727,21
1616742727,21
1616742727,21
1616742727,21
1616742727,21
1616742727,21
1616742727,21
1616742727,21
1616742727,21
1616742727,21
1616742727,21
1616742727,21
1616742727,21
1616742727,21
1616742727,21
1616742727,21
1616742727,21
1616742727,21
1616742727,21
1616742727,21
1616742727,21
1616742727,21
1616742727,21
1616742727,21
1616742727,21
1616742727,21
1616742727,21
1616742727,21
1616742727,21
1616742727,21
1616742727,21
1616742727,21
1616742727,21
1616742727,21
1616742727,21
1616742727,21
1616742727,21
1616742727,21
1616742727,21
1616742727,21
1616742727,21
1616742727,21
1616742727,21
1616742727,21
1616742727,21
1616742727,21
1616742727,21
1616742727,21
1616742727,21
1616742727,21
1616742727,21
1616742727,21
1616742727,21
1616742727,21
1616742727,21
1616742727,21
1616742727,21
1616742727,21
1616742727,21
1616742727,21
1616742727,21
1616742727,21
1616742727,21
1616742727,21
1616742727,21
1616742727,21
1616742727,21
1616742727,21
1616742727,21
1616742727,21
1616742727,21
1616742727,21
1616742727,21
1616742727,21
1616742727,21
1616742727,21
1616742727,21
1616742727,21
1616742727,21
1616742727,21
1616742727,21
1616742727,21
1616742727,21
1616742727,21
1616742727,21
1616742727,21
1616742727,21
1616742727,21
1616742727,21
1616742727,21
1616742727,21
1616742727,21
1616742727,21
1616742727,21
1616742727,21
1616742727,21
1616742727,21
1616742727,21
1616742727,21
1616742727,21
1616742727,21
1616742728,21
1616742728,21
1616742728,21
1616742728,21
1616742728,21
1616742728,21
1616742728,21
1616742728,21
1616742728,21
1616742728,21
1616742728,21
1616742728,21
1616742728,21
1616742728,21
1616742728,21
1616742728,21
1616742728,21
1616742728,21
1616742728,21
1616742728,21
1616742728,21
1616742728,21
1616742728,21
1616742728,21
1616742728,21
1616742728,21
1616742728,21
1616742728,21
1616742728,21
1616742728,21
1616742728,21
1616742728,21
1616742728,21
1616742728,21
1616742728,21
1616742728,21
1616742728,21
1616742728,21
1616742728,21
1616742728,21
1616742728,21
1616742728,21
1616742728,21
1616742728,21
1616742728,21
1616742728,21
1616742728,21
1616742728,21
1616742728,21
1616742728,21
1616742728,21
1616742728,21
1616742728,21
1616742728,21
1616742728,21
1616742728,21
1616742728,21
1616742728,21
1616742728,21
1616742728,21
1616742728,21
1616742728,21
1616742728,21
1616742728,21
1616742728,21
1616742728,21
1616742728,21
1616742728,21
1616742728,21
1616742728,21
1616742728,21
1616742728,21
1616742728,21
1616742728,21
1616742728,21
1616742728,21
1616742728,21
1616742728,21
1616742728,21
1616742728,21
1616742728,21
1616742728,21
1616742728,21
1616742728,21
1616742728,21
1616742728,21
1616742728,21
1616742728,21
1616742728,21
1616742728,21
1616742728,21
1616742728,21
1616742728,21
1616742728,21
1616742728,21
1616742728,21
1616742728,21
1616742728,21
1616742728,21
1616742728,21
1616742728,21
1616742728,21
1616742728,21
1616742728,21
1616742728,21
1616742728,21
1616742728,21
1616742728,21
1616742728,21
1616742728,21
1616742728,21
1616742728,21
1616742728,21
1616742728,21
1616742728,21
1616742728,21
1616742728,21
1616742728,21
1616742728,21
1616742728,21
1616742728,21
1616742728,21
1616742728,21
1616742728,21
1616742728,21
1616742728,21
1616742728,21
1616742728,21
1616742728,21
1616742728,21
1616742728,21
1616742728,21
1616742728,21
1616742728,21
1616742728,21
1616742728,21
1616742728,21
1616742728,21
1616742728,21
1616742728,21
1616742728,21
1616742728,21
1616742728,21
1616742728,21
1616742728,21
1616742728,21
1616742728,21
1616742728,21
1616742728,21
1616742728,21
1616742728,21
1616742728,21
1616742728,21
1616742728,21
1616742728,21
1616742728,21
1616742728,21
1616742728,21
1616742728,21
1616742728,21
1616742728,21
1616742728,21
1616742728,21
1616742728,21
1616742728,21
1616742728,21
1616742728,21
1616742728,21
1616742728,21
1616742728,21
1616742728,21
1616742728,21
1616742728,21
1616742728,21
1616742728,21
1616742728,21
1616742728,21
1616742728,21
1616742728,21
1616742728,21
1616742728,21
1616742728,21
1616742728,21
1616742728,21
1616742728,21
1616742728,21
1616742728,21
1616742728,21
1616742728,21
1616742728,21
1616742728,21
1616742728,21
1616742728,21
1616742728,21
1616742728,21
1616742728,21
1616742728,21
1616742728,21
1616742728,21
1616742728,21
1616742728,21
1616742728,21
1616742728,21
1616742728,21
1616742728,21
1616742728,21
1616742728,21
1616742728,21
1616742728,21
1616742728,21
1616742728,21
1616742728,21
1616742729,21
1616742729,21
1616742729,21
1616742729,21
1616742729,21
1616742729,21
1616742729,21
1616742729,21
1616742729,21
1616742729,21
1616742729,21
1616742729,21
1616742729,21
1616742729,21
1616742729,21
1616742729,21
1616742729,21
1616742729,21
1616742729,21
1616742729,21
1616742729,21
1616742729,21
1616742729,21
1616742729,21
1616742729,21
1616742729,21
1616742729,21
1616742729,21
1616742729,21
1616742729,21
1616742729,21
1616742729,21
1616742729,21
1616742729,21
1616742729,21
1616742729,21
1616742729,21
1616742729,21
1616742729,21
1616742729,21
1616742729,21
1616742729,21
1616742729,21
1616742729,21
1616742729,21
1616742729,21
1616742729,21
1616742729,21
1616742729,21
1616742729,21
1616742729,21
1616742729,21
1616742729,21
1616742729,21
1616742729,21
1616742729,21
1616742729,21
1616742729,21
1616742729,21
1616742729,21
1616742729,21
1616742729,21
1616742729,21
1616742729,21
1616742729,21
1616742729,21
1616742729,21
1616742729,21
1616742729,21
1616742729,21
1616742729,21
1616742729,21
1616742729,21
1616742729,21
1616742729,21
1616742729,21
1616742729,21
1616742729,21
1616742729,21
1616742729,21
1616742729,21
1616742729,21
1616742729,21
1616742729,21
1616742729,21
1616742729,21
1616742729,21
1616742729,21
1616742729,21
1616742729,21
1616742729,21
1616742729,21
1616742729,21
1616742729,21
1616742729,21
1616742729,21
1616742729,21
1616742729,21
1616742729,21
1616742729,21
1616742729,21
1616742729,21
1616742729,21
1616742729,21
1616742729,21
1616742729,21
1616742729,21
1616742729,21
1616742729,21
1616742729,21
1616742729,21
1616742729,21
1616742729,21
1616742729,21
1616742729,21
1616742729,21
1616742729,21
1616742729,21
1616742729,21
1616742729,21
1616742729,21
1616742729,21
1616742729,21
1616742729,21
1616742729,21
1616742729,21
1616742729,21
1616742729,21
1616742729,21
1616742729,21
1616742729,21
1616742729,21
1616742729,21
1616742729,21
1616742729,21
1616742729,21
1616742729,21
1616742729,21
1616742729,21
1616742729,21
1616742729,21
1616742729,21
1616742729,21
1616742729,21
1616742729,21
1616742729,21
1616742729,21
1616742729,21
1616742729,21
1616742729,21
1616742729,21
1616742729,21
1616742729,21
1616742729,21
1616742729,21
1616742729,21
1616742729,21
1616742729,21
1616742729,21
1616742729,21
1616742729,21
1616742729,21
1616742729,21
1616742729,21
1616742729,21
1616742729,21
1616742729,21
1616742729,21
1616742729,21
1616742729,21
1616742729,21
1616742729,21
1616742729,21
1616742729,21
1616742729,21
1616742729,21
1616742729,21
1616742729,21
1616742729,21
1616742729,21
1616742729,21
1616742729,21
1616742729,21
1616742729,21
1616742729,21
1616742729,21
1616742729,21
1616742729,21
1616742729,21
1616742729,21
1616742729,21
1616742729,21
1616742729,21
1616742729,21
1616742729,21
1616742729,21
1616742729,21
1616742729,21
1616742729,21
1616742729,21
1616742729,21
1616742729,21
1616742729,21
1616742729,21
1616742729,21
1616742729,21
1616742729,21
1616742729,21
1616742729,21
1616742729,21
1616742729,21
1616742729,21
1616742729,21
1616742729,21
1616742729,21
1616742729,21
1616742729,21
1616742730,21
1616742730,21
1616742730,21
1616742730,21
1616742730,21
1616742730,21
1616742730,21
1616742730,21
1616742730,21
1616742730,21
1616742730,21
1616742730,21
1616742730,21
1616742730,21
1616742730,21
1616742730,21
1616742730,21
1616742730,21
1616742730,21
1616742730,21
1616742730,21
1616742730,21
1616742730,21
1616742730,21
1616742730,21
1616742730,21
1616742730,21
1616742730,21
1616742730,21
1616742730,21
1616742730,21
1616742730,21
1616742730,21
1616742730,21
1616742730,21
1616742730,21
1616742730,21
1616742730,21
1616742730,21
1616742730,21
1616742730,21
1616742730,21
1616742730,21
1616742730,21
1616742730,21
1616742730,21
1616742730,21
1616742730,21
1616742730,21
1616742730,21
1616742730,21
1616742730,21
1616742730,21
1616742730,21
1616742730,21
1616742730,21
1616742730,21
1616742730,21
1616742730,21
1616742730,21
1616742730,21
1616742730,21
1616742730,21
1616742730,21
1616742730,21
1616742730,21
1616742730,21
1616742730,21
1616742730,21
1616742730,21
1616742730,21
1616742730,21
1616742730,21
1616742730,21
1616742730,21
1616742730,21
1616742730,21
1616742730,21
1616742730,21
1616742730,21
1616742730,21
1616742730,21
1616742730,21
1616742730,21
1616742730,21
1616742730,21
1616742730,21
1616742730,21
1616742730,21
1616742730,21
1616742730,21
1616742730,21
1616742730,21
1616742730,21
1616742730,21
1616742730,21
1616742730,21
1616742730,21
1616742730,21
1616742730,21
1616742730,21
1616742730,21
1616742730,21
1616742730,21
1616742731,21
1616742731,21
1616742731,21
1616742731,21
1616742731,21
1616742731,21
1616742731,21
1616742731,21
1616742731,21
1616742731,21
1616742731,21
1616742731,21
1616742731,21
1616742731,21
1616742731,21
1616742731,21
1616742731,21
1616742731,21
1616742731,21
1616742731,21
1616742731,21
1616742731,21
1616742731,21
1616742731,21
1616742731,21
1616742731,21
1616742731,21
1616742731,21
1616742731,21
1616742731,21
1616742731,21
1616742731,21
1616742731,21
1616742731,21
1616742731,21
1616742731,21
1616742731,21
1616742731,21
1616742731,21
1616742731,21
1616742731,21
1616742731,21
1616742731,21
1616742731,21
1616742731,21
1616742731,21
1616742731,21
1616742731,21
1616742731,21
1616742731,21
1616742731,21
1616742731,21
1616742731,21
1616742731,21
1616742731,21
1616742731,21
1616742731,21
1616742731,21
1616742731,21
1616742731,21
1616742731,21
1616742731,21
1616742731,21
1616742731,21
1616742731,21
1616742731,21
1616742731,21
1616742731,21
1616742731,21
1616742731,21
1616742731,21
1616742731,21
1616742731,21
1616742731,21
1616742731,21
1616742731,21
1616742731,21
1616742731,21
1616742731,21
1616742731,21
1616742731,21
1616742731,21
1616742731,21
1616742731,21
1616742731,21
1616742731,21
1616742731,21
1616742731,21
1616742731,21
1616742731,21
1616742731,21
1616742731,21
1616742731,21
1616742731,21
1616742731,21
1616742731,21
1616742731,21
1616742731,21
1616742731,21
1616742731,21
1616742731,21
1616742731,21
1616742731,21
1616742731,21
1616742731,21
1616742731,21
1616742731,21
1616742731,21
1616742731,21
1616742731,21
1616742731,21
1616742731,21
1616742731,21
1616742731,21
1616742731,21
1616742731,21
1616742731,21
1616742731,21
1616742731,21
1616742731,21
1616742731,21
1616742731,21
1616742731,21
1616742731,21
1616742731,21
1616742731,21
1616742731,21
1616742731,21
1616742731,21
1616742731,21
1616742731,21
1616742731,21
1616742731,21
1616742731,21
1616742731,21
1616742731,21
1616742731,21
1616742731,21
1616742731,21
1616742731,21
1616742731,21
1616742731,21
1616742731,21
1616742731,21
1616742731,21
1616742731,21
1616742731,21
1616742731,21
1616742731,21
1616742731,21
1616742731,21
1616742731,21
1616742731,21
1616742731,21
1616742731,21
1616742731,21
1616742731,21
1616742731,21
1616742731,21
1616742731,21
1616742731,21
1616742731,21
1616742731,21
1616742731,21
1616742731,21
1616742731,21
1616742731,21
1616742731,21
1616742731,21
1616742731,21
1616742731,21
1616742731,21
1616742732,21
1616742732,21
1616742732,21
1616742732,21
1616742732,21
1616742732,21
1616742732,21
1616742732,21
1616742732,21
1616742732,21
1616742732,21
1616742732,21
1616742732,21
1616742732,21
1616742732,21
1616742732,21
1616742732,21
1616742732,21
1616742732,21
1616742732,21
1616742732,21
1616742732,21
1616742732,21
1616742732,21
1616742732,21
1616742732,21
1616742732,21
1616742732,21
1616742732,21
1616742732,21
1616742732,21
1616742732,21
1616742732,21
1616742732,21
1616742732,21
1616742732,21
1616742732,21
1616742732,21
1616742732,21
1616742732,21
1616742732,21
1616742732,21
1616742732,21
1616742732,21
1616742732,21
1616742732,21
1616742732,21
1616742732,21
1616742732,21
1616742732,21
1616742732,21
1616742732,21
1616742732,21
1616742732,21
1616742732,21
1616742732,21
1616742732,21
1616742732,21
1616742732,21
1616742732,21
1616742732,21
1616742732,21
1616742732,21
1616742732,21
1616742732,21
1616742732,21
1616742732,21
1616742732,21
1616742732,21
1616742732,21
1616742732,21
1616742732,21
1616742732,21
1616742732,21
1616742732,21
1616742732,21
1616742732,21
1616742732,21
1616742732,21
1616742732,21
1616742732,21
1616742732,21
1616742732,21
1616742732,21
1616742732,21
1616742732,21
1616742732,21
1616742732,21
1616742732,21
1616742732,21
1616742732,21
1616742732,21
1616742732,21
1616742732,21
1616742732,21
1616742732,21
1616742732,21
1616742732,21
1616742732,21
1616742732,21
1616742732,21
1616742732,21
1616742732,21
1616742732,21
1616742732,21
1616742732,21
1616742732,21
1616742732,21
1616742732,21
1616742732,21
1616742732,21
1616742732,21
1616742732,21
1616742732,21
1616742732,21
1616742732,21
1616742732,21
1616742732,21
1616742732,21
1616742732,21
1616742732,21
1616742732,21
1616742732,21
1616742732,21
1616742732,21
1616742732,21
1616742732,21
1616742732,21
1616742732,21
1616742732,21
1616742732,21
1616742732,21
1616742732,21
1616742732,21
1616742732,21
1616742732,21
1616742732,21
1616742732,21
1616742732,21
1616742732,21
1616742732,21
1616742732,21
1616742732,21
1616742732,21
1616742732,21
1616742732,21
1616742732,21
1616742732,21
1616742732,21
1616742732,21
1616742732,21
1616742732,21
1616742732,21
1616742732,21
1616742732,21
1616742732,21
1616742732,21
1616742732,21
1616742732,21
1616742732,21
1616742732,21
1616742732,21
1616742732,21
1616742732,21
1616742732,21
1616742732,21
1616742732,21
1616742732,21
1616742732,21
1616742732,21
1616742732,21
1616742732,21
1616742732,21
1616742732,21
1616742732,21
1616742732,21
1616742732,21
1616742732,21
1616742732,21
1616742732,21
1616742732,21
1616742732,21
1616742732,21
1616742732,21
1616742732,21
1616742732,21
1616742732,21
1616742732,21
1616742732,21
1616742732,21
1616742732,21
1616742732,21
1616742732,21
1616742732,21
1616742732,21
1616742732,21
1616742732,21
1616742732,21
1616742732,21
1616742732,21
1616742732,21
1616742732,21
1616742732,21
1616742732,21
1616742732,21
1616742732,21
1616742733,21
1616742733,21
1616742733,21
1616742733,21
1616742733,21
1616742733,21
1616742733,21
1616742733,21
1616742733,21
1616742733,21
1616742733,21
1616742733,21
1616742733,21
1616742733,21
1616742733,21
1616742733,21
1616742733,21
1616742733,21
1616742733,21
1616742733,21
1616742733,21
1616742733,21
1616742733,21
1616742733,21
1616742733,21
1616742733,21
1616742733,21
1616742733,21
1616742733,21
1616742733,21
1616742733,21
1616742733,21
1616742733,21
1616742733,21
1616742733,21
1616742733,21
1616742733,21
1616742733,21
1616742733,21
1616742733,21
1616742733,21
1616742733,21
1616742733,21
1616742733,21
1616742733,21
1616742733,21
1616742733,21
1616742733,21
1616742733,21
1616742733,21
1616742733,21
1616742733,21
1616742733,21
1616742733,21
1616742733,21
1616742733,21
1616742733,21
1616742733,21
1616742733,21
1616742733,21
1616742733,21
1616742733,21
1616742733,21
1616742733,21
1616742733,21
1616742733,21
1616742733,21
1616742733,21
1616742733,21
1616742733,21
1616742734,21
1616742734,21
1616742734,21
1616742734,21
1616742734,21
1616742734,21
1616742734,21
1616742734,21
1616742734,21
1616742734,21
1616742734,21
1616742734,21
1616742734,21
1616742734,21
1616742734,21
1616742734,21
1616742734,21
1616742734,21
1616742734,21
1616742734,21
1616742734,21
1616742734,21
1616742734,21
1616742734,21
1616742734,21
1616742734,21
1616742734,21
1616742734,21
1616742734,21
1616742734,21
1616742734,21
1616742734,21
1616742734,21
1616742734,21
1616742734,21
1616742734,21
1616742734,21
1616742734,21
1616742734,21
1616742734,21
1616742734,21
1616742734,21
1616742734,21
1616742734,21
1616742734,21
1616742734,21
1616742734,21
1616742734,21
1616742734,21
1616742734,21
1616742734,21
1616742734,21
1616742734,21
1616742734,21
1616742734,21
1616742734,21
1616742734,21
1616742734,21
1616742734,21
1616742734,21
1616742734,21
1616742734,21
1616742734,21
1616742734,21
1616742734,21
1616742734,21
1616742734,21
1616742734,21
1616742734,21
1616742734,21
1616742734,21
1616742734,21
1616742734,21
1616742734,21
1616742734,21
1616742734,21
1616742734,21
1616742734,21
1616742734,21
1616742734,21
1616742734,21
1616742734,21
1616742734,21
1616742734,21
1616742734,21
1616742734,21
1616742734,21
1616742734,21
1616742734,21
1616742734,21
1616742734,21
1616742734,21
1616742734,21
1616742734,21
1616742734,21
1616742734,21
1616742734,21
1616742734,21
1616742734,21
1616742734,21
1616742734,21
1616742734,21
1616742734,21
1616742734,21
1616742734,21
1616742734,21
1616742734,21
1616742734,21
1616742734,21
1616742734,21
1616742734,21
1616742734,21
1616742734,21
1616742734,21
1616742734,21
1616742734,21
1616742734,21
1616742734,21
1616742734,21
1616742734,21
1616742734,21
1616742734,21
1616742734,21
1616742734,21
1616742734,21
1616742734,21
1616742734,21
1616742734,21
1616742734,21
1616742734,21
1616742734,21
1616742734,21
1616742734,21
1616742734,21
1616742734,21
1616742734,21
1616742734,21
1616742734,21
1616742734,21
1616742734,21
1616742734,21
1616742734,21
1616742734,21
1616742734,21
1616742734,21
1616742734,21
1616742734,21
1616742734,21
1616742734,21
1616742734,21
1616742734,21
1616742734,21
1616742734,21
1616742734,21
1616742734,21
1616742734,21
1616742734,21
1616742734,21
1616742734,21
1616742734,21
1616742734,21
1616742734,21
1616742734,21
1616742734,21
1616742734,21
1616742734,21
1616742734,21
1616742734,21
1616742735,21
1616742735,21
1616742735,21
1616742735,21
1616742735,21
1616742735,21
1616742735,21
1616742735,21
1616742735,21
1616742735,21
1616742735,21
1616742735,21
1616742735,21
1616742735,21
1616742735,21
1616742735,21
1616742735,21
1616742735,21
1616742735,21
1616742735,21
1616742735,21
1616742735,21
1616742735,21
1616742735,21
1616742735,21
1616742735,21
1616742735,21
1616742735,21
1616742735,21
1616742735,21
1616742735,21
1616742735,21
1616742735,21
1616742735,21
1616742735,21
1616742735,21
1616742735,21
1616742735,21
1616742735,21
1616742735,21
1616742735,21
1616742735,21
1616742735,21
1616742735,21
1616742735,21
1616742735,21
1616742735,21
1616742735,21
1616742735,21
1616742735,21
1616742735,21
1616742735,21
1616742735,21
1616742735,21
1616742735,21
1616742735,21
1616742735,21
1616742735,21
1616742735,21
1616742735,21
1616742735,21
1616742735,21
1616742735,21
1616742735,21
1616742735,21
1616742735,21
1616742735,21
1616742735,21
1616742735,21
1616742735,21
1616742735,21
1616742735,21
1616742735,21
1616742735,21
1616742735,21
1616742735,21
1616742735,21
1616742735,21
1616742735,21
1616742735,21
1616742735,21
1616742735,21
1616742735,21
1616742735,21
1616742735,21
1616742735,21
1616742735,21
1616742735,21
1616742735,21
1616742735,21
1616742735,21
1616742735,21
1616742735,21
1616742735,21
1616742735,21
1616742735,21
1616742735,21
1616742735,21
1616742735,21
1616742735,21
1616742735,21
1616742736,21
1616742736,21
1616742736,21
1616742736,21
1616742736,21
1616742736,21
1616742736,21
1616742736,21
1616742736,21
1616742736,21
1616742736,21
1616742736,21
1616742736,21
1616742736,21
1616742736,21
1616742736,21
1616742736,21
1616742736,21
1616742736,21
1616742736,21
1616742736,21
1616742736,21
1616742736,21
1616742736,21
1616742736,21
1616742736,21
1616742736,21
1616742736,21
1616742736,21
1616742736,21
1616742736,21
1616742736,21
1616742736,21
1616742736,21
1616742736,21
1616742736,21
1616742736,21
1616742736,21
1616742736,21
1616742736,21
1616742736,21
1616742736,21
1616742736,21
1616742736,21
1616742736,21
1616742736,21
1616742736,21
1616742736,21
1616742736,21
1616742736,21
1616742736,21
1616742736,21
1616742736,21
1616742736,21
1616742736,21
1616742736,21
1616742736,21
1616742736,21
1616742736,21
1616742736,21
1616742736,21
1616742736,21
1616742736,21
1616742736,21
1616742736,21
1616742736,21
1616742736,21
1616742736,21
1616742736,21
1616742736,21
1616742736,21
1616742736,21
1616742736,21
1616742736,21
1616742736,21
1616742736,21
1616742736,21
1616742736,21
1616742736,21
1616742736,21
1616742736,21
1616742736,21
1616742736,21
1616742736,21
1616742736,21
1616742736,21
1616742736,21
1616742736,21
1616742736,21
1616742736,21
1616742736,21
1616742736,21
1616742736,21
1616742736,21
1616742736,21
1616742736,21
1616742736,21
1616742736,21
1616742736,21
1616742736,21
1616742736,21
1616742736,21
1616742736,21
1616742736,21
1616742736,21
1616742736,21
1616742736,21
1616742736,21
1616742736,21
1616742736,21
1616742736,21
1616742736,21
1616742736,21
1616742736,21
1616742736,21
1616742736,21
1616742736,21
1616742736,21
1616742736,21
1616742736,21
1616742736,21
1616742736,21
1616742736,21
1616742736,21
1616742736,21
1616742736,21
1616742736,21
1616742736,21
1616742736,21
1616742736,21
1616742736,21
1616742736,21
1616742736,21
1616742736,21
1616742736,21
1616742736,21
1616742736,21
1616742736,21
1616742736,21
1616742736,21
1616742736,21
1616742736,21
1616742736,21
1616742736,21
1616742736,21
1616742736,21
1616742736,21
1616742736,21
1616742736,21
1616742736,21
1616742736,21
1616742736,21
1616742736,21
1616742736,21
1616742736,21
1616742736,21
1616742736,21
1616742736,21
1616742736,21
1616742736,21
1616742736,21
1616742736,21
1616742736,21
1616742736,21
1616742736,21
1616742736,21
1616742736,21
1616742736,21
1616742736,21
1616742736,21
1616742736,21
1616742736,21
1616742736,21
1616742736,21
1616742736,21
1616742736,21
1616742736,21
1616742736,21
1616742736,21
1616742736,21
1616742736,21
1616742736,21
1616742736,21
1616742736,21
1616742736,21
1616742736,21
1616742736,21
1616742736,21
1616742736,21
1616742736,21
1616742736,21
1616742736,21
1616742736,21
1616742736,21
1616742736,21
1616742736,21
1616742736,21
1616742736,21
1616742736,21
1616742736,21
1616742736,21
1616742736,21
1616742736,21
1616742736,21
1616742736,21
1616742736,21
1616742736,21
1616742736,21
1616742736,21
1616742736,21
1616742736,21
1616742736,21
1616742737,21
1616742737,21
1616742737,21
1616742737,21
1616742737,21
1616742737,21
1616742737,21
1616742737,21
1616742737,21
1616742737,21
1616742737,21
1616742737,21
1616742737,21
1616742737,21
1616742737,21
1616742737,21
1616742737,21
1616742737,21
1616742737,21
1616742737,21
1616742737,21
1616742737,21
1616742737,21
1616742737,21
1616742737,21
1616742737,21
1616742737,21
1616742737,21
1616742737,21
1616742737,21
1616742737,21
1616742737,21
1616742737,21
1616742737,21
1616742737,21
1616742737,21
1616742737,21
1616742737,21
1616742737,21
1616742737,21
1616742737,21
1616742737,21
1616742737,21
1616742737,21
1616742737,21
1616742737,21
1616742737,21
1616742737,21
1616742737,21
1616742737,21
1616742737,21
1616742737,21
1616742737,21
1616742737,21
1616742737,21
1616742737,21
1616742737,21
1616742737,21
1616742737,21
1616742737,21
1616742737,21
1616742737,21
1616742737,21
1616742737,21
1616742737,21
1616742737,21
1616742737,21
1616742737,21
1616742737,21
1616742737,21
1616742737,21
1616742737,21
1616742737,21
1616742737,21
1616742737,21
1616742737,21
1616742737,21
1616742737,21
1616742737,21
1616742737,21
1616742737,21
1616742737,21
1616742737,21
1616742737,21
1616742737,21
1616742737,21
1616742737,21
1616742737,21
1616742737,21
1616742737,21
1616742737,21
1616742737,21
1616742737,21
1616742737,21
1616742737,21
1616742737,21
1616742737,21
1616742737,21
1616742737,21
1616742737,21
1616742737,21
1616742737,21
1616742737,21
1616742737,21
1616742737,21
1616742737,21
1616742737,21
1616742737,21
1616742737,21
1616742737,21
1616742737,21
1616742737,21
1616742737,21
1616742737,21
1616742737,21
1616742737,21
1616742737,21
1616742737,21
1616742737,21
1616742737,21
1616742737,21
1616742737,21
1616742737,21
1616742737,21
1616742737,21
1616742737,21
1616742737,21
1616742737,21
1616742737,21
1616742737,21
1616742737,21
1616742737,21
1616742737,21
1616742737,21
1616742737,21
1616742737,21
1616742737,21
1616742737,21
1616742737,21
1616742737,21
1616742737,21
1616742737,21
1616742737,21
1616742737,21
1616742737,21
1616742737,21
1616742737,21
1616742737,21
1616742737,21
1616742737,21
1616742737,21
1616742737,21
1616742737,21
1616742737,21
1616742737,21
1616742737,21
1616742737,21
1616742737,21
1616742737,21
1616742737,21
1616742737,21
1616742737,21
1616742737,21
1616742737,21
1616742737,21
1616742737,21
1616742737,21
1616742737,21
1616742737,21
1616742737,21
1616742737,21
1616742737,21
1616742737,21
1616742737,21
1616742737,21
1616742737,21
1616742737,21
1616742737,21
1616742737,21
1616742737,21
1616742737,21
1616742737,21
1616742737,21
1616742737,21
1616742737,21
1616742737,21
1616742737,21
1616742737,21
1616742737,21
1616742737,21
1616742737,21
1616742737,21
1616742737,21
1616742737,21
1616742737,21
1616742737,21
1616742737,21
1616742737,21
1616742737,21
1616742737,21
1616742737,21
1616742737,21
1616742737,21
1616742737,21
1616742737,21
1616742737,21
1616742737,21
1616742737,21
1616742737,21
1616742737,21
1616742737,21
1616742737,21
1616742737,21
1616742737,21
1616742737,21
1616742737,21
1616742737,21
1616742738,21
1616742738,21
1616742738,21
1616742738,21
1616742738,21
1616742738,21
1616742738,21
1616742738,21
1616742738,21
1616742738,21
1616742738,21
1616742738,21
1616742738,21
1616742738,21
1616742738,21
1616742738,21
1616742738,21
1616742738,21
1616742738,21
1616742738,21
1616742738,21
1616742738,21
1616742738,21
1616742738,21
1616742738,21
1616742738,21
1616742738,21
1616742738,21
1616742738,21
1616742738,21
1616742738,21
1616742738,21
1616742738,21
1616742738,21
1616742738,21
1616742738,21
1616742738,21
1616742738,21
1616742738,21
1616742738,21
1616742738,21
1616742738,21
1616742738,21
1616742738,21
1616742738,21
1616742738,21
1616742738,21
1616742738,21
1616742738,21
1616742738,21
1616742738,21
1616742738,21
1616742738,21
1616742738,21
1616742738,21
1616742738,21
1616742738,21
1616742738,21
1616742738,21
1616742738,21
1616742738,21
1616742738,21
1616742738,21
1616742738,21
1616742738,21
1616742738,21
1616742738,21
1616742738,21
1616742738,21
1616742738,21
1616742738,21
1616742738,21
1616742738,21
1616742738,21
1616742738,21
1616742738,21
1616742738,21
1616742738,21
1616742738,21
1616742738,21
1616742738,21
1616742738,21
1616742738,21
1616742740,21
1616742741,21
1616742742,21
1616742743,21
1616742744,21
1616742745,21
1616742746,21
1616742747,21
1616742748,21
1616742749,21
1616742750,21
1616742751,21
1616742752,21
1616742753,21
1616742754,21
1616742755,21
1616742756,21
1616742758,21
1616742759,21
1616742760,21
1616742761,21
1616742762,21
1616742763,21
1616742764,21
1616742765,21
1616742766,21
1616742767,21
1616742768,21
1616742769,21
1616742770,21
1616742771,21
1616742772,21
1616742773,21
1616742774,21
1616742775,21
1616742776,21
1616742777,21
1616742778,21
1616742779,21
1616742780,21
1616742781,21
1616742782,21
1616742783,21
1616742784,21
1616742785,21
1616742786,21
1616742787,21
1616742788,21
1616742789,21
1616742790,21
1616742791,21
1616742792,21
1616742793,21
1616742794,21
1616742795,21
1616742796,21
1616742797,21
1616742798,21
1616742799,21
1616742800,21
1616742801,21
1616742802,21
1616742803,21
1616742804,21
1616742805,21
1616742806,21
1616742807,21
1616742808,21
1616742809,21
1616742810,21
1616742811,21
1616742812,21
1616742813,21
1616742814,21
1616742815,21
1616742816,21
1616742817,21
1616742818,21
1616742819,21
1616742820,21
1616742821,21
1616742822,21
1616742823,21
1616742824,21
1616742825,21
1616742826,21
1616742827,21
1616742828,21
1616742829,21
1616742830,21
1616742831,21
1616742832,21
1616742833,21
1616742834,21
1616742835,21
1616742836,21
1616742837,21
1616742838,21
1616742839,21
1616742840,21
1616742841,21
1616742842,21
1616742843,21
1616742844,21
1616742845,21
1616742846,21
1616742847,21
1616742848,21
1616742849,21
1616742850,21
1616742851,21
1616742852,21
1616742853,21
1616742854,21
1616742855,21
1616742856,21
1616743386,21
1616743387,21
1616743388,21
1616743389,21
1616743390,21
1616743391,21
1616743392,21
1616743393,21
1616743394,21
1616743395,21
1616743396,21
1616743397,21
1616743398,21
1616743399,21
1616743400,21
1616743401,21
1616743402,21
1616743403,21
1616743404,21
1616743405,21
1616743406,21
1616743407,21
1616743408,21
1616743409,21
1616743410,21
1616743412,21
1616743413,21
1616743414,21
1616743415,21
1616743416,21
1616743417,21
1616743418,21
1616743419,21
1616743420,21
1616743421,21
1616743422,21
1616743423,21
1616743424,21
1616743425,21
1616743426,21
1616743427,21
1616743428,21
1616743429,21
1616743430,21
1616743431,21
1616743432,21
1616743433,21
1616743434,21
1616743435,21
1616743436,21
1616743437,21
1616743438,21
1616743439,21
1616743440,21
1616743441,21
1616743442,21
1616743443,21
1616743444,21
1616743445,21
1616743446,21
1616743447,21
1616743448,21
1616743449,21
1616743450,21
1616743451,21
1616743452,21
1616743453,21
1616743454,21
1616743455,21
1616743456,21
1616743457,21
1616743458,21
1616743459,21
1616743460,21
1616743461,21
1616743462,21
1616743463,21
1616743464,21
1616743465,21
1616743466,21
1616743467,21
1616743468,21
1616743469,21
1616743470,21
1616743471,21
1616743472,21
1616743473,21
1616743474,21
1616743475,21
1616743476,21
1616743477,21
1616743478,21
1616743479,21
1616743480,21
1616743481,21
1616743482,21
1616743483,21
1616743484,21
1616743485,21
1616743486,21
1616743487,21
1616743488,21
1616743489,21
1616743490,21
1616743491,21
1616743492,21
1616743493,21
1616743494,21
1616743495,21
1616743496,21
1616743497,21
1616743498,21
1616743499,21
1616743500,21
1616743501,21
1616743502,21
1616743503,21
1616743504,21
1616743505,21
1616743506,21
1616743507,21
1616743508,21
1616743509,21
1616743510,21
1616743511,21
1616743512,21
1616743513,21
1616743514,21
1616743515,21
1616743516,21
1616743517,21
1616743518,21
1616743519,21
1616743520,21
1616743521,21
1616743522,21
1616743523,21
1616743524,21
1616743525,21
1616743526,21
1616743527,21
1616743528,21
1616743529,21
1616743530,21
1616743531,21
1616743532,21
1616743533,21
1616743534,21
1616743535,21
1616743536,21
1616743537,21
1616743538,21
1616743539,21
1616743540,21
1616743541,21
1616743542,21
1616743543,21
1616743544,21
1616743545,21
1616743546,21
1616743547,21
1616743548,21
1616743549,21
1616743550,21
1616743551,21
1616743552,21
1616743553,21
1616743554,21
1616744566,30
1616744567,30
1616744568,30
1616744569,30
1616744570,30
1616744571,30
1616744572,30
1616744573,30
1616744574,30
1616744575,30
1616744576,30
1616744577,30
1616744578,30
1616744579,30
1616744580,30
1616744581,30
1616744583,30
1616744584,30
1616744585,30
1616744586,30
1616744587,30
1616744588,30
1616744589,30
1616744590,30
1616744591,30
1616744592,30
1616744593,30
1616744594,30
1616744595,30
1616744596,30
1616744597,30
1616744598,30
1616744599,30
1616744600,30
1616744601,30
1616744602,30
1616744603,30
1616744604,30
1616744605,30
1616744606,30
1616744607,30
1616744608,30
1616744609,30
1616744610,30
1616744611,30
1616744612,30
1616744613,30
1616744614,30
1616744615,30
1616744616,30
1616744617,30
1616744618,30
1616744619,30
1616744620,30
1616744621,30
1616744622,30
1616744623,30
1616744624,30
1616744625,30
1616744626,30
1616744627,30
1616744628,30
1616744629,30
1616744630,30
1616744631,30
1616744632,30
1616744633,30
1616744634,30
1616744635,30
1616744636,30
1616744637,30
1616744638,30
1616744639,30
1616744640,30
1616744641,30
1616744642,30
1616744643,30
1616744644,30
1616744645,30
1616744646,30
1616744647,30
1616744648,30
1616744649,30
1616744650,30
1616744651,30
1616744652,30
1616744653,30
1616744654,30
1616744655,30
1616744656,30
1616744657,30
1616744658,30
1616744659,30
1616744660,30
1616744661,30
1616744662,30
1616744663,30
1616744664,30
1616744665,30
1616744666,30
1616744667,30
1616744668,30
1616744669,30
1616744670,30
1616744671,30
1616744672,30
1616744673,30
1616744674,30
1616744675,30
1616744676,30
1616744677,30
1616744678,30
1616744679,30
1616744680,30
1616744681,30
1616744682,30
1616744683,30
1616744684,30
1616744685,30
1616744686,30
1616744687,30
1616744688,30
1616744689,30
1616744690,30
1616744691,30
1616744692,30
1616744693,30
1616744694,30
1616744695,30
1616744696,30
1616744697,30
1616744698,30
1616744699,30
1616744700,30
1616744701,30
1616744702,30
1616744704,30
1616744705,30
1616744706,30
1616744707,30
1616744708,30
1616744709,30
1616744710,30
1616744711,30
1616744712,30
1616744713,30
1616744714,30
1616744715,30
1616744716,30
1616744717,30
1616744718,30
1616744719,30
1616744720,30
1616744721,30
1616744722,30
1616744723,30
1616744724,30
1616744725,30
1616744726,30
1616744727,30
1616744728,30
1616744729,30
1616744730,30
1616744731,30
1616744732,30
1616744733,30
1616744734,30
1616744735,30
1616744736,30
1616744737,30
1616744738,30
1616744739,30
1616744740,30
1616744741,30
1616744742,30
1616744743,30
1616744744,30
1616744745,30
1616744746,30
1616744747,30
1616744748,30
1616744749,30
1616744750,30
1616744751,30
1616744752,30
1616744753,30
1616744754,30
1616744755,30
1616744756,30
1616744757,30
1616744758,30
1616744759,30
1616744760,30
1616744761,30
1616744762,30
1616744763,30
1616744764,30
1616744765,30
1616744766,30
1616744767,30
1616744768,30
1616744769,30
1616744770,30
1616744771,30
1616744772,30
1616744773,30
1616744774,30
1616744775,30
1616744776,30
1616744777,30
1616744778,30
1616744779,30
1616744780,30
1616744781,30
1616744782,30
1616744783,30
1616744784,30
1616744785,30
1616744786,30
1616744787,30
1616744788,30
1616744789,30
1616744790,30
1616744791,30
1616744792,30
1616744793,30
1616744794,30
1616744795,30
1616744796,30
1616744797,30
1616744798,30
1616744799,30
1616744800,30
1616744801,30
1616744802,30
1616744803,30
1616744804,30
1616744805,30
1616744806,30
1616744807,30
1616744808,30
1616744809,30
1616744810,30
1616744811,30
1616744812,30
1616744813,30
1616744814,30
1616744815,30
1616744816,30
1616744817,30
1616744818,30
1616744819,30
1616744820,30
1616744821,30
1616744822,30
1616744823,30
1616744824,30
1616744825,30
1616744826,30
1616744827,30
1616744828,30
1616744829,30
1616744830,30
1616744831,30
1616744832,30
1616744834,30
1616744835,30
1616744836,30
1616744837,30
1616744838,30
1616744839,30
1616744840,30
1616744841,30
1616744842,30
1616744843,30
1616744844,30
1616744845,30
1616744846,30
1616744847,30
1616744848,30
1616744849,30
1616744850,30
1616744851,30
1616744852,30
1616744853,30
1616744854,30
1616744855,30
1616744856,30
1616744857,30
1616744858,30
1616744859,30
1616744860,30
1616744861,30
1616744862,30
1616744863,30
1616744864,30
1616744865,30
1616744866,30
1616744867,30
1616744868,30
1616744869,30
1616744870,30
1616744871,30
1616744872,30
1616744873,30
1616744874,30
1616744875,30
1616744876,30
1616744877,30
1616744878,30
1616744879,30
1616744880,30
1616744881,30
1616744882,30
1616744883,30
1616744884,30
1616744885,30
1616744886,30
1616744887,30
1616744888,30
1616744889,30
1616744890,30
1616744891,30
1616744892,30
1616744893,30
1616744894,30
1616744895,30
1616744896,30
1616744897,30
1616744898,30
1616744899,30
1616744900,30
1616744901,30
1616744902,30
1616744903,30
1616744904,30
1616744905,30
1616744906,30
1616744907,30
1616744908,30
1616744909,30
1616744910,30
1616744911,30
1616744912,30
1616744913,30
1616744914,30
1616744915,30
1616744916,30
1616744917,30
1616744918,30
1616744919,30
1616744920,30
1616744921,30
1616744922,30
1616744923,30
1616744924,30
1616744925,30
1616744926,30
1616744927,30
1616744928,30
1616744929,30
1616744930,30
1616744931,30
1616744932,30
1616744933,30
1616744934,30
1616744935,30
1616744936,30
1616744937,30
1616744938,30
1616744939,30
1616744940,30
1616744941,30
1616744942,30
1616744943,30
1616744944,30
1616744945,30
1616744946,30
1616744947,30
1616744948,30
1616744949,30
1616744950,30
1616744951,30
1616744952,30
1616744953,30
1616744954,30
1616744955,30
1616744956,30
1616744957,30
1616744958,30
1616744959,30
1616744961,30
1616744962,30
1616744963,30
1616744964,30
1616744965,30
1616744966,30
1616744967,30
1616744968,30
1616744969,30
1616744970,30
1616744971,30
1616744972,30
1616744973,30
1616744974,30
1616744975,30
1616744976,30
1616744977,30
1616744978,30
1616744979,30
1616744980,30
1616744981,30
1616744982,30
1616744983,30
1616744984,30
1616744985,30
1616744986,30
1616744987,30
1616744988,30
1616744989,30
1616744990,30
1616744991,30
1616744992,30
1616744993,30
1616744994,30
1616744995,30
1616744996,30
1616744997,30
1616744998,30
1616744999,30
1616745000,30
1616745001,30
1616745002,30
1616745003,30
1616745004,30
1616745005,30
1616745006,30
1616745007,30
1616745008,30
1616745009,30
1616745010,30
1616745011,30
1616745012,30
1616745013,30
1616745014,30
